file_path,line,tag,attribute,url,domain,category
./index.php,2713,form,action,https://account.samsung.com/accounts/v1/DCGLPK/signInGate,account.samsung.com,Samsung account (leaves site)
./index.php,2724,form,action,https://account.samsung.com/accounts/v1/DCGLPK/signOutGate,account.samsung.com,Samsung account (leaves site)
./index.php,2730,form,action,https://account.samsung.com/membership/,account.samsung.com,Samsung account (leaves site)
./index.php,2744,form,action,https://account.samsung.com/membership/,account.samsung.com,Samsung account (leaves site)
./index.php,2756,form,action,https://account.samsung.com/membership/,account.samsung.com,Samsung account (leaves site)
./pages/about-us/brand-identity/index.php,2707,form,action,https://account.samsung.com/accounts/v1/DCGLPK/signInGate,account.samsung.com,Samsung account (leaves site)
./pages/about-us/brand-identity/index.php,2718,form,action,https://account.samsung.com/accounts/v1/DCGLPK/signOutGate,account.samsung.com,Samsung account (leaves site)
./pages/about-us/brand-identity/index.php,2724,form,action,https://account.samsung.com/membership/,account.samsung.com,Samsung account (leaves site)
./pages/about-us/brand-identity/index.php,2738,form,action,https://account.samsung.com/membership/,account.samsung.com,Samsung account (leaves site)
./pages/about-us/brand-identity/index.php,2750,form,action,https://account.samsung.com/membership/,account.samsung.com,Samsung account (leaves site)
./pages/about-us/business-area/index.php,2709,form,action,https://account.samsung.com/accounts/v1/DCGLPK/signInGate,account.samsung.com,Samsung account (leaves site)
./pages/about-us/business-area/index.php,2720,form,action,https://account.samsung.com/accounts/v1/DCGLPK/signOutGate,account.samsung.com,Samsung account (leaves site)
./pages/about-us/business-area/index.php,2726,form,action,https://account.samsung.com/membership/,account.samsung.com,Samsung account (leaves site)
./pages/about-us/business-area/index.php,2740,form,action,https://account.samsung.com/membership/,account.samsung.com,Samsung account (leaves site)
./pages/about-us/business-area/index.php,2752,form,action,https://account.samsung.com/membership/,account.samsung.com,Samsung account (leaves site)
./pages/about-us/careers/index.php,2705,form,action,https://account.samsung.com/accounts/v1/DCGLPK/signInGate,account.samsung.com,Samsung account (leaves site)
./pages/about-us/careers/index.php,2716,form,action,https://account.samsung.com/accounts/v1/DCGLPK/signOutGate,account.samsung.com,Samsung account (leaves site)
./pages/about-us/careers/index.php,2722,form,action,https://account.samsung.com/membership/,account.samsung.com,Samsung account (leaves site)
./pages/about-us/careers/index.php,2736,form,action,https://account.samsung.com/membership/,account.samsung.com,Samsung account (leaves site)
./pages/about-us/careers/index.php,2748,form,action,https://account.samsung.com/membership/,account.samsung.com,Samsung account (leaves site)
./pages/about-us/company-info/index.php,2713,form,action,https://account.samsung.com/accounts/v1/DCGLPK/signInGate,account.samsung.com,Samsung account (leaves site)
./pages/about-us/company-info/index.php,2724,form,action,https://account.samsung.com/accounts/v1/DCGLPK/signOutGate,account.samsung.com,Samsung account (leaves site)
./pages/about-us/company-info/index.php,2730,form,action,https://account.samsung.com/membership/,account.samsung.com,Samsung account (leaves site)
./pages/about-us/company-info/index.php,2744,form,action,https://account.samsung.com/membership/,account.samsung.com,Samsung account (leaves site)
./pages/about-us/company-info/index.php,2756,form,action,https://account.samsung.com/membership/,account.samsung.com,Samsung account (leaves site)
./pages/about-us/ethics/index.php,2709,form,action,https://account.samsung.com/accounts/v1/DCGLPK/signInGate,account.samsung.com,Samsung account (leaves site)
./pages/about-us/ethics/index.php,2720,form,action,https://account.samsung.com/accounts/v1/DCGLPK/signOutGate,account.samsung.com,Samsung account (leaves site)
./pages/about-us/ethics/index.php,2726,form,action,https://account.samsung.com/membership/,account.samsung.com,Samsung account (leaves site)
./pages/about-us/ethics/index.php,2740,form,action,https://account.samsung.com/membership/,account.samsung.com,Samsung account (leaves site)
./pages/about-us/ethics/index.php,2752,form,action,https://account.samsung.com/membership/,account.samsung.com,Samsung account (leaves site)
./pages/air-conditioners/all-air-conditioners/index.php,2685,form,action,https://account.samsung.com/accounts/v1/DCGLPK/signInGate,account.samsung.com,Samsung account (leaves site)
./pages/air-conditioners/all-air-conditioners/index.php,2696,form,action,https://account.samsung.com/accounts/v1/DCGLPK/signOutGate,account.samsung.com,Samsung account (leaves site)
./pages/air-conditioners/all-air-conditioners/index.php,2702,form,action,https://account.samsung.com/membership/,account.samsung.com,Samsung account (leaves site)
./pages/air-conditioners/all-air-conditioners/index.php,2716,form,action,https://account.samsung.com/membership/,account.samsung.com,Samsung account (leaves site)
./pages/air-conditioners/all-air-conditioners/index.php,2728,form,action,https://account.samsung.com/membership/,account.samsung.com,Samsung account (leaves site)
./pages/air-conditioners/wall-mount/ar9500t-ar18asfzgwk2pm/index.php,2811,form,action,https://account.samsung.com/accounts/v1/DCGLPK/signInGate,account.samsung.com,Samsung account (leaves site)
./pages/air-conditioners/wall-mount/ar9500t-ar18asfzgwk2pm/index.php,2822,form,action,https://account.samsung.com/accounts/v1/DCGLPK/signOutGate,account.samsung.com,Samsung account (leaves site)
./pages/air-conditioners/wall-mount/ar9500t-ar18asfzgwk2pm/index.php,2828,form,action,https://account.samsung.com/membership/,account.samsung.com,Samsung account (leaves site)
./pages/air-conditioners/wall-mount/ar9500t-ar18asfzgwk2pm/index.php,2842,form,action,https://account.samsung.com/membership/,account.samsung.com,Samsung account (leaves site)
./pages/air-conditioners/wall-mount/ar9500t-ar18asfzgwk2pm/index.php,2854,form,action,https://account.samsung.com/membership/,account.samsung.com,Samsung account (leaves site)
./pages/air-conditioners/wall-mount/ar9500t-ar50f12c1uhnsa-non-windfree-ar50f18c1nh2pm/index.php,2811,form,action,https://account.samsung.com/accounts/v1/DCGLPK/signInGate,account.samsung.com,Samsung account (leaves site)
./pages/air-conditioners/wall-mount/ar9500t-ar50f12c1uhnsa-non-windfree-ar50f18c1nh2pm/index.php,2822,form,action,https://account.samsung.com/accounts/v1/DCGLPK/signOutGate,account.samsung.com,Samsung account (leaves site)
./pages/air-conditioners/wall-mount/ar9500t-ar50f12c1uhnsa-non-windfree-ar50f18c1nh2pm/index.php,2828,form,action,https://account.samsung.com/membership/,account.samsung.com,Samsung account (leaves site)
./pages/air-conditioners/wall-mount/ar9500t-ar50f12c1uhnsa-non-windfree-ar50f18c1nh2pm/index.php,2842,form,action,https://account.samsung.com/membership/,account.samsung.com,Samsung account (leaves site)
./pages/air-conditioners/wall-mount/ar9500t-ar50f12c1uhnsa-non-windfree-ar50f18c1nh2pm/index.php,2854,form,action,https://account.samsung.com/membership/,account.samsung.com,Samsung account (leaves site)
./pages/apps/index.php,2713,form,action,https://account.samsung.com/accounts/v1/DCGLPK/signInGate,account.samsung.com,Samsung account (leaves site)
./pages/apps/index.php,2724,form,action,https://account.samsung.com/accounts/v1/DCGLPK/signOutGate,account.samsung.com,Samsung account (leaves site)
./pages/apps/index.php,2730,form,action,https://account.samsung.com/membership/,account.samsung.com,Samsung account (leaves site)
./pages/apps/index.php,2744,form,action,https://account.samsung.com/membership/,account.samsung.com,Samsung account (leaves site)
./pages/apps/index.php,2756,form,action,https://account.samsung.com/membership/,account.samsung.com,Samsung account (leaves site)
./pages/apps/samsung-health/index.php,2717,form,action,https://account.samsung.com/accounts/v1/DCGLPK/signInGate,account.samsung.com,Samsung account (leaves site)
./pages/apps/samsung-health/index.php,2728,form,action,https://account.samsung.com/accounts/v1/DCGLPK/signOutGate,account.samsung.com,Samsung account (leaves site)
./pages/apps/samsung-health/index.php,2734,form,action,https://account.samsung.com/membership/,account.samsung.com,Samsung account (leaves site)
./pages/apps/samsung-health/index.php,2748,form,action,https://account.samsung.com/membership/,account.samsung.com,Samsung account (leaves site)
./pages/apps/samsung-health/index.php,2760,form,action,https://account.samsung.com/membership/,account.samsung.com,Samsung account (leaves site)
./pages/audio-sound/all-audio-sound/index.php,2677,form,action,https://account.samsung.com/accounts/v1/DCGLPK/signInGate,account.samsung.com,Samsung account (leaves site)
./pages/audio-sound/all-audio-sound/index.php,2688,form,action,https://account.samsung.com/accounts/v1/DCGLPK/signOutGate,account.samsung.com,Samsung account (leaves site)
./pages/audio-sound/all-audio-sound/index.php,2694,form,action,https://account.samsung.com/membership/,account.samsung.com,Samsung account (leaves site)
./pages/audio-sound/all-audio-sound/index.php,2708,form,action,https://account.samsung.com/membership/,account.samsung.com,Samsung account (leaves site)
./pages/audio-sound/all-audio-sound/index.php,2720,form,action,https://account.samsung.com/membership/,account.samsung.com,Samsung account (leaves site)
./pages/audio-sound/galaxy-buds/galaxy-buds4-pro-black-sm-r640nzkamea/index.php,2813,form,action,https://account.samsung.com/accounts/v1/DCGLPK/signInGate,account.samsung.com,Samsung account (leaves site)
./pages/audio-sound/galaxy-buds/galaxy-buds4-pro-black-sm-r640nzkamea/index.php,2824,form,action,https://account.samsung.com/accounts/v1/DCGLPK/signOutGate,account.samsung.com,Samsung account (leaves site)
./pages/audio-sound/galaxy-buds/galaxy-buds4-pro-black-sm-r640nzkamea/index.php,2830,form,action,https://account.samsung.com/membership/,account.samsung.com,Samsung account (leaves site)
./pages/audio-sound/galaxy-buds/galaxy-buds4-pro-black-sm-r640nzkamea/index.php,2844,form,action,https://account.samsung.com/membership/,account.samsung.com,Samsung account (leaves site)
./pages/audio-sound/galaxy-buds/galaxy-buds4-pro-black-sm-r640nzkamea/index.php,2856,form,action,https://account.samsung.com/membership/,account.samsung.com,Samsung account (leaves site)
./pages/business/index.php,1696,a,href,https://account.samsung.com/membership/contents/profile/profile-gate,account.samsung.com,Samsung account (leaves site)
./pages/business/index.php,1760,a,href,https://account.samsung.com/membership/contents/profile/profile-gate,account.samsung.com,Samsung account (leaves site)
./pages/business/index.php,1833,form,action,https://account.samsung.com/membership/,account.samsung.com,Samsung account (leaves site)
./pages/business/index.php,1847,form,action,https://account.samsung.com/membership/,account.samsung.com,Samsung account (leaves site)
./pages/business/index.php,1859,form,action,https://account.samsung.com/membership/,account.samsung.com,Samsung account (leaves site)
./pages/buy-direct-get-more/index.php,2707,form,action,https://account.samsung.com/accounts/v1/DCGLPK/signInGate,account.samsung.com,Samsung account (leaves site)
./pages/buy-direct-get-more/index.php,2718,form,action,https://account.samsung.com/accounts/v1/DCGLPK/signOutGate,account.samsung.com,Samsung account (leaves site)
./pages/buy-direct-get-more/index.php,2724,form,action,https://account.samsung.com/membership/,account.samsung.com,Samsung account (leaves site)
./pages/buy-direct-get-more/index.php,2738,form,action,https://account.samsung.com/membership/,account.samsung.com,Samsung account (leaves site)
./pages/buy-direct-get-more/index.php,2750,form,action,https://account.samsung.com/membership/,account.samsung.com,Samsung account (leaves site)
./pages/dishwashers/all-dishwashers/index.php,2686,form,action,https://account.samsung.com/accounts/v1/DCGLPK/signInGate,account.samsung.com,Samsung account (leaves site)
./pages/dishwashers/all-dishwashers/index.php,2697,form,action,https://account.samsung.com/accounts/v1/DCGLPK/signOutGate,account.samsung.com,Samsung account (leaves site)
./pages/dishwashers/all-dishwashers/index.php,2703,form,action,https://account.samsung.com/membership/,account.samsung.com,Samsung account (leaves site)
./pages/dishwashers/all-dishwashers/index.php,2717,form,action,https://account.samsung.com/membership/,account.samsung.com,Samsung account (leaves site)
./pages/dishwashers/all-dishwashers/index.php,2729,form,action,https://account.samsung.com/membership/,account.samsung.com,Samsung account (leaves site)
./pages/dishwashers/built-in/dw7700b-dw60dg790i00-energy-efficiency-waterjet-clean-14-place-settings-silver-dw60dg790fslgu/index.php,2811,form,action,https://account.samsung.com/accounts/v1/DCGLPK/signInGate,account.samsung.com,Samsung account (leaves site)
./pages/dishwashers/built-in/dw7700b-dw60dg790i00-energy-efficiency-waterjet-clean-14-place-settings-silver-dw60dg790fslgu/index.php,2822,form,action,https://account.samsung.com/accounts/v1/DCGLPK/signOutGate,account.samsung.com,Samsung account (leaves site)
./pages/dishwashers/built-in/dw7700b-dw60dg790i00-energy-efficiency-waterjet-clean-14-place-settings-silver-dw60dg790fslgu/index.php,2828,form,action,https://account.samsung.com/membership/,account.samsung.com,Samsung account (leaves site)
./pages/dishwashers/built-in/dw7700b-dw60dg790i00-energy-efficiency-waterjet-clean-14-place-settings-silver-dw60dg790fslgu/index.php,2842,form,action,https://account.samsung.com/membership/,account.samsung.com,Samsung account (leaves site)
./pages/dishwashers/built-in/dw7700b-dw60dg790i00-energy-efficiency-waterjet-clean-14-place-settings-silver-dw60dg790fslgu/index.php,2854,form,action,https://account.samsung.com/membership/,account.samsung.com,Samsung account (leaves site)
./pages/explore/index.php,2674,form,action,https://account.samsung.com/accounts/v1/DCGLPK/signInGate,account.samsung.com,Samsung account (leaves site)
./pages/explore/index.php,2685,form,action,https://account.samsung.com/accounts/v1/DCGLPK/signOutGate,account.samsung.com,Samsung account (leaves site)
./pages/explore/index.php,2691,form,action,https://account.samsung.com/membership/,account.samsung.com,Samsung account (leaves site)
./pages/explore/index.php,2705,form,action,https://account.samsung.com/membership/,account.samsung.com,Samsung account (leaves site)
./pages/explore/index.php,2717,form,action,https://account.samsung.com/membership/,account.samsung.com,Samsung account (leaves site)
./pages/function/ipredirection/ipredirectionLocalList/index.php,2693,form,action,https://account.samsung.com/accounts/v1/DCGLPK/signInGate,account.samsung.com,Samsung account (leaves site)
./pages/function/ipredirection/ipredirectionLocalList/index.php,2704,form,action,https://account.samsung.com/accounts/v1/DCGLPK/signOutGate,account.samsung.com,Samsung account (leaves site)
./pages/function/ipredirection/ipredirectionLocalList/index.php,2710,form,action,https://account.samsung.com/membership/,account.samsung.com,Samsung account (leaves site)
./pages/function/ipredirection/ipredirectionLocalList/index.php,2724,form,action,https://account.samsung.com/membership/,account.samsung.com,Samsung account (leaves site)
./pages/function/ipredirection/ipredirectionLocalList/index.php,2736,form,action,https://account.samsung.com/membership/,account.samsung.com,Samsung account (leaves site)
./pages/galaxy-ai/index.php,2716,form,action,https://account.samsung.com/accounts/v1/DCGLPK/signInGate,account.samsung.com,Samsung account (leaves site)
./pages/galaxy-ai/index.php,2727,form,action,https://account.samsung.com/accounts/v1/DCGLPK/signOutGate,account.samsung.com,Samsung account (leaves site)
./pages/galaxy-ai/index.php,2733,form,action,https://account.samsung.com/membership/,account.samsung.com,Samsung account (leaves site)
./pages/galaxy-ai/index.php,2747,form,action,https://account.samsung.com/membership/,account.samsung.com,Samsung account (leaves site)
./pages/galaxy-ai/index.php,2759,form,action,https://account.samsung.com/membership/,account.samsung.com,Samsung account (leaves site)
./pages/home-appliances/buying-guide/index.php,2703,form,action,https://account.samsung.com/accounts/v1/DCGLPK/signInGate,account.samsung.com,Samsung account (leaves site)
./pages/home-appliances/buying-guide/index.php,2714,form,action,https://account.samsung.com/accounts/v1/DCGLPK/signOutGate,account.samsung.com,Samsung account (leaves site)
./pages/home-appliances/buying-guide/index.php,2720,form,action,https://account.samsung.com/membership/,account.samsung.com,Samsung account (leaves site)
./pages/home-appliances/buying-guide/index.php,2734,form,action,https://account.samsung.com/membership/,account.samsung.com,Samsung account (leaves site)
./pages/home-appliances/buying-guide/index.php,2746,form,action,https://account.samsung.com/membership/,account.samsung.com,Samsung account (leaves site)
./pages/home-appliances/faq/index.php,2697,form,action,https://account.samsung.com/accounts/v1/DCGLPK/signInGate,account.samsung.com,Samsung account (leaves site)
./pages/home-appliances/faq/index.php,2708,form,action,https://account.samsung.com/accounts/v1/DCGLPK/signOutGate,account.samsung.com,Samsung account (leaves site)
./pages/home-appliances/faq/index.php,2714,form,action,https://account.samsung.com/membership/,account.samsung.com,Samsung account (leaves site)
./pages/home-appliances/faq/index.php,2728,form,action,https://account.samsung.com/membership/,account.samsung.com,Samsung account (leaves site)
./pages/home-appliances/faq/index.php,2740,form,action,https://account.samsung.com/membership/,account.samsung.com,Samsung account (leaves site)
./pages/index.php,2710,form,action,https://account.samsung.com/accounts/v1/DCGLPK/signInGate,account.samsung.com,Samsung account (leaves site)
./pages/index.php,2721,form,action,https://account.samsung.com/accounts/v1/DCGLPK/signOutGate,account.samsung.com,Samsung account (leaves site)
./pages/index.php,2727,form,action,https://account.samsung.com/membership/,account.samsung.com,Samsung account (leaves site)
./pages/index.php,2741,form,action,https://account.samsung.com/membership/,account.samsung.com,Samsung account (leaves site)
./pages/index.php,2753,form,action,https://account.samsung.com/membership/,account.samsung.com,Samsung account (leaves site)
./pages/info/legal/index.php,2695,form,action,https://account.samsung.com/accounts/v1/DCGLPK/signInGate,account.samsung.com,Samsung account (leaves site)
./pages/info/legal/index.php,2706,form,action,https://account.samsung.com/accounts/v1/DCGLPK/signOutGate,account.samsung.com,Samsung account (leaves site)
./pages/info/legal/index.php,2712,form,action,https://account.samsung.com/membership/,account.samsung.com,Samsung account (leaves site)
./pages/info/legal/index.php,2726,form,action,https://account.samsung.com/membership/,account.samsung.com,Samsung account (leaves site)
./pages/info/legal/index.php,2738,form,action,https://account.samsung.com/membership/,account.samsung.com,Samsung account (leaves site)
./pages/info/privacy/index.php,2703,form,action,https://account.samsung.com/accounts/v1/DCGLPK/signInGate,account.samsung.com,Samsung account (leaves site)
./pages/info/privacy/index.php,2714,form,action,https://account.samsung.com/accounts/v1/DCGLPK/signOutGate,account.samsung.com,Samsung account (leaves site)
./pages/info/privacy/index.php,2720,form,action,https://account.samsung.com/membership/,account.samsung.com,Samsung account (leaves site)
./pages/info/privacy/index.php,2734,form,action,https://account.samsung.com/membership/,account.samsung.com,Samsung account (leaves site)
./pages/info/privacy/index.php,2746,form,action,https://account.samsung.com/membership/,account.samsung.com,Samsung account (leaves site)
./pages/info/privacy/index.php,3580,a,href,https://account.samsung.com/membership/terms/privacypolicy?paramLocale=en_GB#pp_10,account.samsung.com,Samsung account (leaves site)
./pages/info/privacy/index.php,3592,a,href,https://account.samsung.com/membership/terms/privacypolicy?paramLocale=en_GB#pp_10,account.samsung.com,Samsung account (leaves site)
./pages/info/sitemap/index.php,2693,form,action,https://account.samsung.com/accounts/v1/DCGLPK/signInGate,account.samsung.com,Samsung account (leaves site)
./pages/info/sitemap/index.php,2704,form,action,https://account.samsung.com/accounts/v1/DCGLPK/signOutGate,account.samsung.com,Samsung account (leaves site)
./pages/info/sitemap/index.php,2710,form,action,https://account.samsung.com/membership/,account.samsung.com,Samsung account (leaves site)
./pages/info/sitemap/index.php,2724,form,action,https://account.samsung.com/membership/,account.samsung.com,Samsung account (leaves site)
./pages/info/sitemap/index.php,2736,form,action,https://account.samsung.com/membership/,account.samsung.com,Samsung account (leaves site)
./pages/innovation-campus/index.php,2718,form,action,https://account.samsung.com/accounts/v1/DCGLPK/signInGate,account.samsung.com,Samsung account (leaves site)
./pages/innovation-campus/index.php,2729,form,action,https://account.samsung.com/accounts/v1/DCGLPK/signOutGate,account.samsung.com,Samsung account (leaves site)
./pages/innovation-campus/index.php,2735,form,action,https://account.samsung.com/membership/,account.samsung.com,Samsung account (leaves site)
./pages/innovation-campus/index.php,2749,form,action,https://account.samsung.com/membership/,account.samsung.com,Samsung account (leaves site)
./pages/innovation-campus/index.php,2761,form,action,https://account.samsung.com/membership/,account.samsung.com,Samsung account (leaves site)
./pages/lifestyle-tvs/all-lifestyle-tvs/index.php,2685,form,action,https://account.samsung.com/accounts/v1/DCGLPK/signInGate,account.samsung.com,Samsung account (leaves site)
./pages/lifestyle-tvs/all-lifestyle-tvs/index.php,2696,form,action,https://account.samsung.com/accounts/v1/DCGLPK/signOutGate,account.samsung.com,Samsung account (leaves site)
./pages/lifestyle-tvs/all-lifestyle-tvs/index.php,2702,form,action,https://account.samsung.com/membership/,account.samsung.com,Samsung account (leaves site)
./pages/lifestyle-tvs/all-lifestyle-tvs/index.php,2716,form,action,https://account.samsung.com/membership/,account.samsung.com,Samsung account (leaves site)
./pages/lifestyle-tvs/all-lifestyle-tvs/index.php,2728,form,action,https://account.samsung.com/membership/,account.samsung.com,Samsung account (leaves site)
./pages/lifestyle-tvs/the-frame/highlights/index.php,2714,form,action,https://account.samsung.com/accounts/v1/DCGLPK/signInGate,account.samsung.com,Samsung account (leaves site)
./pages/lifestyle-tvs/the-frame/highlights/index.php,2725,form,action,https://account.samsung.com/accounts/v1/DCGLPK/signOutGate,account.samsung.com,Samsung account (leaves site)
./pages/lifestyle-tvs/the-frame/highlights/index.php,2731,form,action,https://account.samsung.com/membership/,account.samsung.com,Samsung account (leaves site)
./pages/lifestyle-tvs/the-frame/highlights/index.php,2745,form,action,https://account.samsung.com/membership/,account.samsung.com,Samsung account (leaves site)
./pages/lifestyle-tvs/the-frame/highlights/index.php,2757,form,action,https://account.samsung.com/membership/,account.samsung.com,Samsung account (leaves site)
./pages/lifestyle-tvs/the-frame/ls03f-65-inch-art-store-black-qa65ls03fausmm/index.php,2811,form,action,https://account.samsung.com/accounts/v1/DCGLPK/signInGate,account.samsung.com,Samsung account (leaves site)
./pages/lifestyle-tvs/the-frame/ls03f-65-inch-art-store-black-qa65ls03fausmm/index.php,2822,form,action,https://account.samsung.com/accounts/v1/DCGLPK/signOutGate,account.samsung.com,Samsung account (leaves site)
./pages/lifestyle-tvs/the-frame/ls03f-65-inch-art-store-black-qa65ls03fausmm/index.php,2828,form,action,https://account.samsung.com/membership/,account.samsung.com,Samsung account (leaves site)
./pages/lifestyle-tvs/the-frame/ls03f-65-inch-art-store-black-qa65ls03fausmm/index.php,2842,form,action,https://account.samsung.com/membership/,account.samsung.com,Samsung account (leaves site)
./pages/lifestyle-tvs/the-frame/ls03f-65-inch-art-store-black-qa65ls03fausmm/index.php,2854,form,action,https://account.samsung.com/membership/,account.samsung.com,Samsung account (leaves site)
./pages/mobile-accessories/all-mobile-accessories/index.php,2673,form,action,https://account.samsung.com/accounts/v1/DCGLPK/signInGate,account.samsung.com,Samsung account (leaves site)
./pages/mobile-accessories/all-mobile-accessories/index.php,2684,form,action,https://account.samsung.com/accounts/v1/DCGLPK/signOutGate,account.samsung.com,Samsung account (leaves site)
./pages/mobile-accessories/all-mobile-accessories/index.php,2690,form,action,https://account.samsung.com/membership/,account.samsung.com,Samsung account (leaves site)
./pages/mobile-accessories/all-mobile-accessories/index.php,2704,form,action,https://account.samsung.com/membership/,account.samsung.com,Samsung account (leaves site)
./pages/mobile-accessories/all-mobile-accessories/index.php,2716,form,action,https://account.samsung.com/membership/,account.samsung.com,Samsung account (leaves site)
./pages/mobile/find-your-galaxy/index.php,2709,form,action,https://account.samsung.com/accounts/v1/DCGLPK/signInGate,account.samsung.com,Samsung account (leaves site)
./pages/mobile/find-your-galaxy/index.php,2720,form,action,https://account.samsung.com/accounts/v1/DCGLPK/signOutGate,account.samsung.com,Samsung account (leaves site)
./pages/mobile/find-your-galaxy/index.php,2726,form,action,https://account.samsung.com/membership/,account.samsung.com,Samsung account (leaves site)
./pages/mobile/find-your-galaxy/index.php,2740,form,action,https://account.samsung.com/membership/,account.samsung.com,Samsung account (leaves site)
./pages/mobile/find-your-galaxy/index.php,2752,form,action,https://account.samsung.com/membership/,account.samsung.com,Samsung account (leaves site)
./pages/mobile/index.php,2686,form,action,https://account.samsung.com/accounts/v1/DCGLPK/signInGate,account.samsung.com,Samsung account (leaves site)
./pages/mobile/index.php,2697,form,action,https://account.samsung.com/accounts/v1/DCGLPK/signOutGate,account.samsung.com,Samsung account (leaves site)
./pages/mobile/index.php,2703,form,action,https://account.samsung.com/membership/,account.samsung.com,Samsung account (leaves site)
./pages/mobile/index.php,2717,form,action,https://account.samsung.com/membership/,account.samsung.com,Samsung account (leaves site)
./pages/mobile/index.php,2729,form,action,https://account.samsung.com/membership/,account.samsung.com,Samsung account (leaves site)
./pages/mobile/switch-to-galaxy/index.php,2718,form,action,https://account.samsung.com/accounts/v1/DCGLPK/signInGate,account.samsung.com,Samsung account (leaves site)
./pages/mobile/switch-to-galaxy/index.php,2729,form,action,https://account.samsung.com/accounts/v1/DCGLPK/signOutGate,account.samsung.com,Samsung account (leaves site)
./pages/mobile/switch-to-galaxy/index.php,2735,form,action,https://account.samsung.com/membership/,account.samsung.com,Samsung account (leaves site)
./pages/mobile/switch-to-galaxy/index.php,2749,form,action,https://account.samsung.com/membership/,account.samsung.com,Samsung account (leaves site)
./pages/mobile/switch-to-galaxy/index.php,2761,form,action,https://account.samsung.com/membership/,account.samsung.com,Samsung account (leaves site)
./pages/monitors/all-monitors/index.php,2689,form,action,https://account.samsung.com/accounts/v1/DCGLPK/signInGate,account.samsung.com,Samsung account (leaves site)
./pages/monitors/all-monitors/index.php,2700,form,action,https://account.samsung.com/accounts/v1/DCGLPK/signOutGate,account.samsung.com,Samsung account (leaves site)
./pages/monitors/all-monitors/index.php,2706,form,action,https://account.samsung.com/membership/,account.samsung.com,Samsung account (leaves site)
./pages/monitors/all-monitors/index.php,2720,form,action,https://account.samsung.com/membership/,account.samsung.com,Samsung account (leaves site)
./pages/monitors/all-monitors/index.php,2732,form,action,https://account.samsung.com/membership/,account.samsung.com,Samsung account (leaves site)
./pages/monitors/full-hd-1080p/index.php,2683,form,action,https://account.samsung.com/accounts/v1/DCGLPK/signInGate,account.samsung.com,Samsung account (leaves site)
./pages/monitors/full-hd-1080p/index.php,2694,form,action,https://account.samsung.com/accounts/v1/DCGLPK/signOutGate,account.samsung.com,Samsung account (leaves site)
./pages/monitors/full-hd-1080p/index.php,2700,form,action,https://account.samsung.com/membership/,account.samsung.com,Samsung account (leaves site)
./pages/monitors/full-hd-1080p/index.php,2714,form,action,https://account.samsung.com/membership/,account.samsung.com,Samsung account (leaves site)
./pages/monitors/full-hd-1080p/index.php,2726,form,action,https://account.samsung.com/membership/,account.samsung.com,Samsung account (leaves site)
./pages/monitors/gaming/index.php,2683,form,action,https://account.samsung.com/accounts/v1/DCGLPK/signInGate,account.samsung.com,Samsung account (leaves site)
./pages/monitors/gaming/index.php,2694,form,action,https://account.samsung.com/accounts/v1/DCGLPK/signOutGate,account.samsung.com,Samsung account (leaves site)
./pages/monitors/gaming/index.php,2700,form,action,https://account.samsung.com/membership/,account.samsung.com,Samsung account (leaves site)
./pages/monitors/gaming/index.php,2714,form,action,https://account.samsung.com/membership/,account.samsung.com,Samsung account (leaves site)
./pages/monitors/gaming/index.php,2726,form,action,https://account.samsung.com/membership/,account.samsung.com,Samsung account (leaves site)
./pages/monitors/gaming/odyssey-g5-34-inch-165hz-curved-ultra-wqhd-lc34g55twwmxue/index.php,2813,form,action,https://account.samsung.com/accounts/v1/DCGLPK/signInGate,account.samsung.com,Samsung account (leaves site)
./pages/monitors/gaming/odyssey-g5-34-inch-165hz-curved-ultra-wqhd-lc34g55twwmxue/index.php,2824,form,action,https://account.samsung.com/accounts/v1/DCGLPK/signOutGate,account.samsung.com,Samsung account (leaves site)
./pages/monitors/gaming/odyssey-g5-34-inch-165hz-curved-ultra-wqhd-lc34g55twwmxue/index.php,2830,form,action,https://account.samsung.com/membership/,account.samsung.com,Samsung account (leaves site)
./pages/monitors/gaming/odyssey-g5-34-inch-165hz-curved-ultra-wqhd-lc34g55twwmxue/index.php,2844,form,action,https://account.samsung.com/membership/,account.samsung.com,Samsung account (leaves site)
./pages/monitors/gaming/odyssey-g5-34-inch-165hz-curved-ultra-wqhd-lc34g55twwmxue/index.php,2856,form,action,https://account.samsung.com/membership/,account.samsung.com,Samsung account (leaves site)
./pages/monitors/gaming/odyssey-oled-g9-g93sc-49-inch-240hz-curved-dual-qhd-ls49cg934smxue/index.php,2811,form,action,https://account.samsung.com/accounts/v1/DCGLPK/signInGate,account.samsung.com,Samsung account (leaves site)
./pages/monitors/gaming/odyssey-oled-g9-g93sc-49-inch-240hz-curved-dual-qhd-ls49cg934smxue/index.php,2822,form,action,https://account.samsung.com/accounts/v1/DCGLPK/signOutGate,account.samsung.com,Samsung account (leaves site)
./pages/monitors/gaming/odyssey-oled-g9-g93sc-49-inch-240hz-curved-dual-qhd-ls49cg934smxue/index.php,2828,form,action,https://account.samsung.com/membership/,account.samsung.com,Samsung account (leaves site)
./pages/monitors/gaming/odyssey-oled-g9-g93sc-49-inch-240hz-curved-dual-qhd-ls49cg934smxue/index.php,2842,form,action,https://account.samsung.com/membership/,account.samsung.com,Samsung account (leaves site)
./pages/monitors/gaming/odyssey-oled-g9-g93sc-49-inch-240hz-curved-dual-qhd-ls49cg934smxue/index.php,2854,form,action,https://account.samsung.com/membership/,account.samsung.com,Samsung account (leaves site)
./pages/monitors/high-resolution/index.php,2689,form,action,https://account.samsung.com/accounts/v1/DCGLPK/signInGate,account.samsung.com,Samsung account (leaves site)
./pages/monitors/high-resolution/index.php,2700,form,action,https://account.samsung.com/accounts/v1/DCGLPK/signOutGate,account.samsung.com,Samsung account (leaves site)
./pages/monitors/high-resolution/index.php,2706,form,action,https://account.samsung.com/membership/,account.samsung.com,Samsung account (leaves site)
./pages/monitors/high-resolution/index.php,2720,form,action,https://account.samsung.com/membership/,account.samsung.com,Samsung account (leaves site)
./pages/monitors/high-resolution/index.php,2732,form,action,https://account.samsung.com/membership/,account.samsung.com,Samsung account (leaves site)
./pages/monitors/monitor-buying-guide/index.php,2714,form,action,https://account.samsung.com/accounts/v1/DCGLPK/signInGate,account.samsung.com,Samsung account (leaves site)
./pages/monitors/monitor-buying-guide/index.php,2725,form,action,https://account.samsung.com/accounts/v1/DCGLPK/signOutGate,account.samsung.com,Samsung account (leaves site)
./pages/monitors/monitor-buying-guide/index.php,2731,form,action,https://account.samsung.com/membership/,account.samsung.com,Samsung account (leaves site)
./pages/monitors/monitor-buying-guide/index.php,2745,form,action,https://account.samsung.com/membership/,account.samsung.com,Samsung account (leaves site)
./pages/monitors/monitor-buying-guide/index.php,2757,form,action,https://account.samsung.com/membership/,account.samsung.com,Samsung account (leaves site)
./pages/monitors/odyssey-gaming-monitor/index.php,2718,form,action,https://account.samsung.com/accounts/v1/DCGLPK/signInGate,account.samsung.com,Samsung account (leaves site)
./pages/monitors/odyssey-gaming-monitor/index.php,2729,form,action,https://account.samsung.com/accounts/v1/DCGLPK/signOutGate,account.samsung.com,Samsung account (leaves site)
./pages/monitors/odyssey-gaming-monitor/index.php,2735,form,action,https://account.samsung.com/membership/,account.samsung.com,Samsung account (leaves site)
./pages/monitors/odyssey-gaming-monitor/index.php,2749,form,action,https://account.samsung.com/membership/,account.samsung.com,Samsung account (leaves site)
./pages/monitors/odyssey-gaming-monitor/index.php,2761,form,action,https://account.samsung.com/membership/,account.samsung.com,Samsung account (leaves site)
./pages/monitors/smart/index.php,2683,form,action,https://account.samsung.com/accounts/v1/DCGLPK/signInGate,account.samsung.com,Samsung account (leaves site)
./pages/monitors/smart/index.php,2694,form,action,https://account.samsung.com/accounts/v1/DCGLPK/signOutGate,account.samsung.com,Samsung account (leaves site)
./pages/monitors/smart/index.php,2700,form,action,https://account.samsung.com/membership/,account.samsung.com,Samsung account (leaves site)
./pages/monitors/smart/index.php,2714,form,action,https://account.samsung.com/membership/,account.samsung.com,Samsung account (leaves site)
./pages/monitors/smart/index.php,2726,form,action,https://account.samsung.com/membership/,account.samsung.com,Samsung account (leaves site)
./pages/monitors/viewfinity-high-resolution-monitor/index.php,2704,form,action,https://account.samsung.com/accounts/v1/DCGLPK/signInGate,account.samsung.com,Samsung account (leaves site)
./pages/monitors/viewfinity-high-resolution-monitor/index.php,2715,form,action,https://account.samsung.com/accounts/v1/DCGLPK/signOutGate,account.samsung.com,Samsung account (leaves site)
./pages/monitors/viewfinity-high-resolution-monitor/index.php,2721,form,action,https://account.samsung.com/membership/,account.samsung.com,Samsung account (leaves site)
./pages/monitors/viewfinity-high-resolution-monitor/index.php,2735,form,action,https://account.samsung.com/membership/,account.samsung.com,Samsung account (leaves site)
./pages/monitors/viewfinity-high-resolution-monitor/index.php,2747,form,action,https://account.samsung.com/membership/,account.samsung.com,Samsung account (leaves site)
./pages/news/index.php,2668,form,action,https://account.samsung.com/accounts/v1/DCGLPK/signInGate,account.samsung.com,Samsung account (leaves site)
./pages/news/index.php,2679,form,action,https://account.samsung.com/accounts/v1/DCGLPK/signOutGate,account.samsung.com,Samsung account (leaves site)
./pages/news/index.php,2685,form,action,https://account.samsung.com/membership/,account.samsung.com,Samsung account (leaves site)
./pages/news/index.php,2699,form,action,https://account.samsung.com/membership/,account.samsung.com,Samsung account (leaves site)
./pages/news/index.php,2711,form,action,https://account.samsung.com/membership/,account.samsung.com,Samsung account (leaves site)
./pages/offer/index.php,2691,form,action,https://account.samsung.com/accounts/v1/DCGLPK/signInGate,account.samsung.com,Samsung account (leaves site)
./pages/offer/index.php,2702,form,action,https://account.samsung.com/accounts/v1/DCGLPK/signOutGate,account.samsung.com,Samsung account (leaves site)
./pages/offer/index.php,2708,form,action,https://account.samsung.com/membership/,account.samsung.com,Samsung account (leaves site)
./pages/offer/index.php,2722,form,action,https://account.samsung.com/membership/,account.samsung.com,Samsung account (leaves site)
./pages/offer/index.php,2734,form,action,https://account.samsung.com/membership/,account.samsung.com,Samsung account (leaves site)
./pages/offer/mobile/smartphones/index.php,2691,form,action,https://account.samsung.com/accounts/v1/DCGLPK/signInGate,account.samsung.com,Samsung account (leaves site)
./pages/offer/mobile/smartphones/index.php,2702,form,action,https://account.samsung.com/accounts/v1/DCGLPK/signOutGate,account.samsung.com,Samsung account (leaves site)
./pages/offer/mobile/smartphones/index.php,2708,form,action,https://account.samsung.com/membership/,account.samsung.com,Samsung account (leaves site)
./pages/offer/mobile/smartphones/index.php,2722,form,action,https://account.samsung.com/membership/,account.samsung.com,Samsung account (leaves site)
./pages/offer/mobile/smartphones/index.php,2734,form,action,https://account.samsung.com/membership/,account.samsung.com,Samsung account (leaves site)
./pages/offer/mobile/tablets/index.php,2691,form,action,https://account.samsung.com/accounts/v1/DCGLPK/signInGate,account.samsung.com,Samsung account (leaves site)
./pages/offer/mobile/tablets/index.php,2702,form,action,https://account.samsung.com/accounts/v1/DCGLPK/signOutGate,account.samsung.com,Samsung account (leaves site)
./pages/offer/mobile/tablets/index.php,2708,form,action,https://account.samsung.com/membership/,account.samsung.com,Samsung account (leaves site)
./pages/offer/mobile/tablets/index.php,2722,form,action,https://account.samsung.com/membership/,account.samsung.com,Samsung account (leaves site)
./pages/offer/mobile/tablets/index.php,2734,form,action,https://account.samsung.com/membership/,account.samsung.com,Samsung account (leaves site)
./pages/offer/mobile/wearables-and-accessories/index.php,2691,form,action,https://account.samsung.com/accounts/v1/DCGLPK/signInGate,account.samsung.com,Samsung account (leaves site)
./pages/offer/mobile/wearables-and-accessories/index.php,2702,form,action,https://account.samsung.com/accounts/v1/DCGLPK/signOutGate,account.samsung.com,Samsung account (leaves site)
./pages/offer/mobile/wearables-and-accessories/index.php,2708,form,action,https://account.samsung.com/membership/,account.samsung.com,Samsung account (leaves site)
./pages/offer/mobile/wearables-and-accessories/index.php,2722,form,action,https://account.samsung.com/membership/,account.samsung.com,Samsung account (leaves site)
./pages/offer/mobile/wearables-and-accessories/index.php,2734,form,action,https://account.samsung.com/membership/,account.samsung.com,Samsung account (leaves site)
./pages/offer/samsung-week/index.php,2744,form,action,https://account.samsung.com/accounts/v1/DCGLPK/signInGate,account.samsung.com,Samsung account (leaves site)
./pages/offer/samsung-week/index.php,2755,form,action,https://account.samsung.com/accounts/v1/DCGLPK/signOutGate,account.samsung.com,Samsung account (leaves site)
./pages/offer/samsung-week/index.php,2761,form,action,https://account.samsung.com/membership/,account.samsung.com,Samsung account (leaves site)
./pages/offer/samsung-week/index.php,2775,form,action,https://account.samsung.com/membership/,account.samsung.com,Samsung account (leaves site)
./pages/offer/samsung-week/index.php,2787,form,action,https://account.samsung.com/membership/,account.samsung.com,Samsung account (leaves site)
./pages/one-ui/index.php,2715,form,action,https://account.samsung.com/accounts/v1/DCGLPK/signInGate,account.samsung.com,Samsung account (leaves site)
./pages/one-ui/index.php,2726,form,action,https://account.samsung.com/accounts/v1/DCGLPK/signOutGate,account.samsung.com,Samsung account (leaves site)
./pages/one-ui/index.php,2732,form,action,https://account.samsung.com/membership/,account.samsung.com,Samsung account (leaves site)
./pages/one-ui/index.php,2746,form,action,https://account.samsung.com/membership/,account.samsung.com,Samsung account (leaves site)
./pages/one-ui/index.php,2758,form,action,https://account.samsung.com/membership/,account.samsung.com,Samsung account (leaves site)
./pages/projectors/all-projectors/index.php,2689,form,action,https://account.samsung.com/accounts/v1/DCGLPK/signInGate,account.samsung.com,Samsung account (leaves site)
./pages/projectors/all-projectors/index.php,2700,form,action,https://account.samsung.com/accounts/v1/DCGLPK/signOutGate,account.samsung.com,Samsung account (leaves site)
./pages/projectors/all-projectors/index.php,2706,form,action,https://account.samsung.com/membership/,account.samsung.com,Samsung account (leaves site)
./pages/projectors/all-projectors/index.php,2720,form,action,https://account.samsung.com/membership/,account.samsung.com,Samsung account (leaves site)
./pages/projectors/all-projectors/index.php,2732,form,action,https://account.samsung.com/membership/,account.samsung.com,Samsung account (leaves site)
./pages/refrigerators/all-refrigerators/index.php,2689,form,action,https://account.samsung.com/accounts/v1/DCGLPK/signInGate,account.samsung.com,Samsung account (leaves site)
./pages/refrigerators/all-refrigerators/index.php,2700,form,action,https://account.samsung.com/accounts/v1/DCGLPK/signOutGate,account.samsung.com,Samsung account (leaves site)
./pages/refrigerators/all-refrigerators/index.php,2706,form,action,https://account.samsung.com/membership/,account.samsung.com,Samsung account (leaves site)
./pages/refrigerators/all-refrigerators/index.php,2720,form,action,https://account.samsung.com/membership/,account.samsung.com,Samsung account (leaves site)
./pages/refrigerators/all-refrigerators/index.php,2732,form,action,https://account.samsung.com/membership/,account.samsung.com,Samsung account (leaves site)
./pages/refrigerators/side-by-side/refrigerator-sbs-rs90f-basic-655l-black-doi-rs70f65qeftr/index.php,2811,form,action,https://account.samsung.com/accounts/v1/DCGLPK/signInGate,account.samsung.com,Samsung account (leaves site)
./pages/refrigerators/side-by-side/refrigerator-sbs-rs90f-basic-655l-black-doi-rs70f65qeftr/index.php,2822,form,action,https://account.samsung.com/accounts/v1/DCGLPK/signOutGate,account.samsung.com,Samsung account (leaves site)
./pages/refrigerators/side-by-side/refrigerator-sbs-rs90f-basic-655l-black-doi-rs70f65qeftr/index.php,2828,form,action,https://account.samsung.com/membership/,account.samsung.com,Samsung account (leaves site)
./pages/refrigerators/side-by-side/refrigerator-sbs-rs90f-basic-655l-black-doi-rs70f65qeftr/index.php,2842,form,action,https://account.samsung.com/membership/,account.samsung.com,Samsung account (leaves site)
./pages/refrigerators/side-by-side/refrigerator-sbs-rs90f-basic-655l-black-doi-rs70f65qeftr/index.php,2854,form,action,https://account.samsung.com/membership/,account.samsung.com,Samsung account (leaves site)
./pages/refrigerators/top-mount-freezer/rt7300d-smartthings-ai-energy-mode-top-mount-freezer-smartthings-ai-energy-mode-540l-black-rt53dg7b10b1fa/index.php,2811,form,action,https://account.samsung.com/accounts/v1/DCGLPK/signInGate,account.samsung.com,Samsung account (leaves site)
./pages/refrigerators/top-mount-freezer/rt7300d-smartthings-ai-energy-mode-top-mount-freezer-smartthings-ai-energy-mode-540l-black-rt53dg7b10b1fa/index.php,2822,form,action,https://account.samsung.com/accounts/v1/DCGLPK/signOutGate,account.samsung.com,Samsung account (leaves site)
./pages/refrigerators/top-mount-freezer/rt7300d-smartthings-ai-energy-mode-top-mount-freezer-smartthings-ai-energy-mode-540l-black-rt53dg7b10b1fa/index.php,2828,form,action,https://account.samsung.com/membership/,account.samsung.com,Samsung account (leaves site)
./pages/refrigerators/top-mount-freezer/rt7300d-smartthings-ai-energy-mode-top-mount-freezer-smartthings-ai-energy-mode-540l-black-rt53dg7b10b1fa/index.php,2842,form,action,https://account.samsung.com/membership/,account.samsung.com,Samsung account (leaves site)
./pages/refrigerators/top-mount-freezer/rt7300d-smartthings-ai-energy-mode-top-mount-freezer-smartthings-ai-energy-mode-540l-black-rt53dg7b10b1fa/index.php,2854,form,action,https://account.samsung.com/membership/,account.samsung.com,Samsung account (leaves site)
./pages/search/index.php,2669,form,action,https://account.samsung.com/accounts/v1/DCGLPK/signInGate,account.samsung.com,Samsung account (leaves site)
./pages/search/index.php,2680,form,action,https://account.samsung.com/accounts/v1/DCGLPK/signOutGate,account.samsung.com,Samsung account (leaves site)
./pages/search/index.php,2686,form,action,https://account.samsung.com/membership/,account.samsung.com,Samsung account (leaves site)
./pages/search/index.php,2700,form,action,https://account.samsung.com/membership/,account.samsung.com,Samsung account (leaves site)
./pages/search/index.php,2712,form,action,https://account.samsung.com/membership/,account.samsung.com,Samsung account (leaves site)
./pages/shop-faq/index.php,2670,form,action,https://account.samsung.com/accounts/v1/DCGLPK/signInGate,account.samsung.com,Samsung account (leaves site)
./pages/shop-faq/index.php,2681,form,action,https://account.samsung.com/accounts/v1/DCGLPK/signOutGate,account.samsung.com,Samsung account (leaves site)
./pages/shop-faq/index.php,2687,form,action,https://account.samsung.com/membership/,account.samsung.com,Samsung account (leaves site)
./pages/shop-faq/index.php,2701,form,action,https://account.samsung.com/membership/,account.samsung.com,Samsung account (leaves site)
./pages/shop-faq/index.php,2713,form,action,https://account.samsung.com/membership/,account.samsung.com,Samsung account (leaves site)
./pages/sign-language/index.php,2714,form,action,https://account.samsung.com/accounts/v1/DCGLPK/signInGate,account.samsung.com,Samsung account (leaves site)
./pages/sign-language/index.php,2725,form,action,https://account.samsung.com/accounts/v1/DCGLPK/signOutGate,account.samsung.com,Samsung account (leaves site)
./pages/sign-language/index.php,2731,form,action,https://account.samsung.com/membership/,account.samsung.com,Samsung account (leaves site)
./pages/sign-language/index.php,2745,form,action,https://account.samsung.com/membership/,account.samsung.com,Samsung account (leaves site)
./pages/sign-language/index.php,2757,form,action,https://account.samsung.com/membership/,account.samsung.com,Samsung account (leaves site)
./pages/smartphones/all-smartphones/index.php,2675,form,action,https://account.samsung.com/accounts/v1/DCGLPK/signInGate,account.samsung.com,Samsung account (leaves site)
./pages/smartphones/all-smartphones/index.php,2686,form,action,https://account.samsung.com/accounts/v1/DCGLPK/signOutGate,account.samsung.com,Samsung account (leaves site)
./pages/smartphones/all-smartphones/index.php,2692,form,action,https://account.samsung.com/membership/,account.samsung.com,Samsung account (leaves site)
./pages/smartphones/all-smartphones/index.php,2706,form,action,https://account.samsung.com/membership/,account.samsung.com,Samsung account (leaves site)
./pages/smartphones/all-smartphones/index.php,2718,form,action,https://account.samsung.com/membership/,account.samsung.com,Samsung account (leaves site)
./pages/smartphones/galaxy-a/galaxy-a57-5g/buy/index.php,3090,form,action,https://account.samsung.com/accounts/v1/DCGLPK/signInGate,account.samsung.com,Samsung account (leaves site)
./pages/smartphones/galaxy-a/galaxy-a57-5g/buy/index.php,3101,form,action,https://account.samsung.com/accounts/v1/DCGLPK/signOutGate,account.samsung.com,Samsung account (leaves site)
./pages/smartphones/galaxy-a/galaxy-a57-5g/buy/index.php,3107,form,action,https://account.samsung.com/membership/,account.samsung.com,Samsung account (leaves site)
./pages/smartphones/galaxy-a/galaxy-a57-5g/buy/index.php,3121,form,action,https://account.samsung.com/membership/,account.samsung.com,Samsung account (leaves site)
./pages/smartphones/galaxy-a/galaxy-a57-5g/buy/index.php,3133,form,action,https://account.samsung.com/membership/,account.samsung.com,Samsung account (leaves site)
./pages/smartphones/galaxy-a56-5g/buy/index.php,3090,form,action,https://account.samsung.com/accounts/v1/DCGLPK/signInGate,account.samsung.com,Samsung account (leaves site)
./pages/smartphones/galaxy-a56-5g/buy/index.php,3101,form,action,https://account.samsung.com/accounts/v1/DCGLPK/signOutGate,account.samsung.com,Samsung account (leaves site)
./pages/smartphones/galaxy-a56-5g/buy/index.php,3107,form,action,https://account.samsung.com/membership/,account.samsung.com,Samsung account (leaves site)
./pages/smartphones/galaxy-a56-5g/buy/index.php,3121,form,action,https://account.samsung.com/membership/,account.samsung.com,Samsung account (leaves site)
./pages/smartphones/galaxy-a56-5g/buy/index.php,3133,form,action,https://account.samsung.com/membership/,account.samsung.com,Samsung account (leaves site)
./pages/smartphones/galaxy-s/galaxy-s25-fe-navy-256gb-sm-s731bdbvpkd/index.php,2772,form,action,https://account.samsung.com/accounts/v1/DCGLPK/signInGate,account.samsung.com,Samsung account (leaves site)
./pages/smartphones/galaxy-s/galaxy-s25-fe-navy-256gb-sm-s731bdbvpkd/index.php,2783,form,action,https://account.samsung.com/accounts/v1/DCGLPK/signOutGate,account.samsung.com,Samsung account (leaves site)
./pages/smartphones/galaxy-s/galaxy-s25-fe-navy-256gb-sm-s731bdbvpkd/index.php,2789,form,action,https://account.samsung.com/membership/,account.samsung.com,Samsung account (leaves site)
./pages/smartphones/galaxy-s/galaxy-s25-fe-navy-256gb-sm-s731bdbvpkd/index.php,2803,form,action,https://account.samsung.com/membership/,account.samsung.com,Samsung account (leaves site)
./pages/smartphones/galaxy-s/galaxy-s25-fe-navy-256gb-sm-s731bdbvpkd/index.php,2815,form,action,https://account.samsung.com/membership/,account.samsung.com,Samsung account (leaves site)
./pages/smartphones/galaxy-s25/buy/index.php,4100,form,action,https://account.samsung.com/accounts/v1/DCGLPK/signInGate,account.samsung.com,Samsung account (leaves site)
./pages/smartphones/galaxy-s25/buy/index.php,4111,form,action,https://account.samsung.com/accounts/v1/DCGLPK/signOutGate,account.samsung.com,Samsung account (leaves site)
./pages/smartphones/galaxy-s25/buy/index.php,4117,form,action,https://account.samsung.com/membership/,account.samsung.com,Samsung account (leaves site)
./pages/smartphones/galaxy-s25/buy/index.php,4131,form,action,https://account.samsung.com/membership/,account.samsung.com,Samsung account (leaves site)
./pages/smartphones/galaxy-s25/buy/index.php,4143,form,action,https://account.samsung.com/membership/,account.samsung.com,Samsung account (leaves site)
./pages/smartphones/galaxy-s26/index.php,18314,form,action,https://account.samsung.com/accounts/v1/DCGLPK/signInGate,account.samsung.com,Samsung account (leaves site)
./pages/smartphones/galaxy-s26/index.php,18327,form,action,https://account.samsung.com/accounts/v1/DCGLPK/signOutGate,account.samsung.com,Samsung account (leaves site)
./pages/smartphones/galaxy-s26/index.php,18335,form,action,https://account.samsung.com/membership/,account.samsung.com,Samsung account (leaves site)
./pages/smartphones/galaxy-s26/index.php,18352,form,action,https://account.samsung.com/membership/,account.samsung.com,Samsung account (leaves site)
./pages/smartphones/galaxy-s26/index.php,18365,form,action,https://account.samsung.com/membership/,account.samsung.com,Samsung account (leaves site)
./pages/smartthings/index.php,2689,form,action,https://account.samsung.com/accounts/v1/DCGLPK/signInGate,account.samsung.com,Samsung account (leaves site)
./pages/smartthings/index.php,2700,form,action,https://account.samsung.com/accounts/v1/DCGLPK/signOutGate,account.samsung.com,Samsung account (leaves site)
./pages/smartthings/index.php,2706,form,action,https://account.samsung.com/membership/,account.samsung.com,Samsung account (leaves site)
./pages/smartthings/index.php,2720,form,action,https://account.samsung.com/membership/,account.samsung.com,Samsung account (leaves site)
./pages/smartthings/index.php,2732,form,action,https://account.samsung.com/membership/,account.samsung.com,Samsung account (leaves site)
./pages/store-locator/index.php,2699,form,action,https://account.samsung.com/accounts/v1/DCGLPK/signInGate,account.samsung.com,Samsung account (leaves site)
./pages/store-locator/index.php,2710,form,action,https://account.samsung.com/accounts/v1/DCGLPK/signOutGate,account.samsung.com,Samsung account (leaves site)
./pages/store-locator/index.php,2716,form,action,https://account.samsung.com/membership/,account.samsung.com,Samsung account (leaves site)
./pages/store-locator/index.php,2730,form,action,https://account.samsung.com/membership/,account.samsung.com,Samsung account (leaves site)
./pages/store-locator/index.php,2742,form,action,https://account.samsung.com/membership/,account.samsung.com,Samsung account (leaves site)
./pages/support/contact/index.php,2692,form,action,https://account.samsung.com/accounts/v1/DCGLPK/signInGate,account.samsung.com,Samsung account (leaves site)
./pages/support/contact/index.php,2703,form,action,https://account.samsung.com/accounts/v1/DCGLPK/signOutGate,account.samsung.com,Samsung account (leaves site)
./pages/support/contact/index.php,2709,form,action,https://account.samsung.com/membership/,account.samsung.com,Samsung account (leaves site)
./pages/support/contact/index.php,2723,form,action,https://account.samsung.com/membership/,account.samsung.com,Samsung account (leaves site)
./pages/support/contact/index.php,2735,form,action,https://account.samsung.com/membership/,account.samsung.com,Samsung account (leaves site)
./pages/support/index.php,2667,form,action,https://account.samsung.com/accounts/v1/DCGLPK/signInGate,account.samsung.com,Samsung account (leaves site)
./pages/support/index.php,2678,form,action,https://account.samsung.com/accounts/v1/DCGLPK/signOutGate,account.samsung.com,Samsung account (leaves site)
./pages/support/index.php,2684,form,action,https://account.samsung.com/membership/,account.samsung.com,Samsung account (leaves site)
./pages/support/index.php,2698,form,action,https://account.samsung.com/membership/,account.samsung.com,Samsung account (leaves site)
./pages/support/index.php,2710,form,action,https://account.samsung.com/membership/,account.samsung.com,Samsung account (leaves site)
./pages/support/index.php,4286,a,href,https://account.samsung.com/membership/guide/2step/,account.samsung.com,Samsung account (leaves site)
./pages/support/newsalert/index.php,2639,form,action,https://account.samsung.com/accounts/v1/DCGLPK/signInGate,account.samsung.com,Samsung account (leaves site)
./pages/support/newsalert/index.php,2650,form,action,https://account.samsung.com/accounts/v1/DCGLPK/signOutGate,account.samsung.com,Samsung account (leaves site)
./pages/support/newsalert/index.php,2656,form,action,https://account.samsung.com/membership/,account.samsung.com,Samsung account (leaves site)
./pages/support/newsalert/index.php,2670,form,action,https://account.samsung.com/membership/,account.samsung.com,Samsung account (leaves site)
./pages/support/newsalert/index.php,2682,form,action,https://account.samsung.com/membership/,account.samsung.com,Samsung account (leaves site)
./pages/support/repair-price/index.php,2688,form,action,https://account.samsung.com/accounts/v1/DCGLPK/signInGate,account.samsung.com,Samsung account (leaves site)
./pages/support/repair-price/index.php,2699,form,action,https://account.samsung.com/accounts/v1/DCGLPK/signOutGate,account.samsung.com,Samsung account (leaves site)
./pages/support/repair-price/index.php,2705,form,action,https://account.samsung.com/membership/,account.samsung.com,Samsung account (leaves site)
./pages/support/repair-price/index.php,2719,form,action,https://account.samsung.com/membership/,account.samsung.com,Samsung account (leaves site)
./pages/support/repair-price/index.php,2731,form,action,https://account.samsung.com/membership/,account.samsung.com,Samsung account (leaves site)
./pages/support/service-center/index.php,2708,form,action,https://account.samsung.com/accounts/v1/DCGLPK/signInGate,account.samsung.com,Samsung account (leaves site)
./pages/support/service-center/index.php,2719,form,action,https://account.samsung.com/accounts/v1/DCGLPK/signOutGate,account.samsung.com,Samsung account (leaves site)
./pages/support/service-center/index.php,2725,form,action,https://account.samsung.com/membership/,account.samsung.com,Samsung account (leaves site)
./pages/support/service-center/index.php,2739,form,action,https://account.samsung.com/membership/,account.samsung.com,Samsung account (leaves site)
./pages/support/service-center/index.php,2751,form,action,https://account.samsung.com/membership/,account.samsung.com,Samsung account (leaves site)
./pages/support/user-manuals-and-guide/index.php,2657,form,action,https://account.samsung.com/accounts/v1/DCGLPK/signInGate,account.samsung.com,Samsung account (leaves site)
./pages/support/user-manuals-and-guide/index.php,2668,form,action,https://account.samsung.com/accounts/v1/DCGLPK/signOutGate,account.samsung.com,Samsung account (leaves site)
./pages/support/user-manuals-and-guide/index.php,2674,form,action,https://account.samsung.com/membership/,account.samsung.com,Samsung account (leaves site)
./pages/support/user-manuals-and-guide/index.php,2688,form,action,https://account.samsung.com/membership/,account.samsung.com,Samsung account (leaves site)
./pages/support/user-manuals-and-guide/index.php,2700,form,action,https://account.samsung.com/membership/,account.samsung.com,Samsung account (leaves site)
./pages/support/warranty/index.php,2659,form,action,https://account.samsung.com/accounts/v1/DCGLPK/signInGate,account.samsung.com,Samsung account (leaves site)
./pages/support/warranty/index.php,2670,form,action,https://account.samsung.com/accounts/v1/DCGLPK/signOutGate,account.samsung.com,Samsung account (leaves site)
./pages/support/warranty/index.php,2676,form,action,https://account.samsung.com/membership/,account.samsung.com,Samsung account (leaves site)
./pages/support/warranty/index.php,2690,form,action,https://account.samsung.com/membership/,account.samsung.com,Samsung account (leaves site)
./pages/support/warranty/index.php,2702,form,action,https://account.samsung.com/membership/,account.samsung.com,Samsung account (leaves site)
./pages/sustainability/accessibility/overview/index.php,2707,form,action,https://account.samsung.com/accounts/v1/DCGLPK/signInGate,account.samsung.com,Samsung account (leaves site)
./pages/sustainability/accessibility/overview/index.php,2718,form,action,https://account.samsung.com/accounts/v1/DCGLPK/signOutGate,account.samsung.com,Samsung account (leaves site)
./pages/sustainability/accessibility/overview/index.php,2724,form,action,https://account.samsung.com/membership/,account.samsung.com,Samsung account (leaves site)
./pages/sustainability/accessibility/overview/index.php,2738,form,action,https://account.samsung.com/membership/,account.samsung.com,Samsung account (leaves site)
./pages/sustainability/accessibility/overview/index.php,2750,form,action,https://account.samsung.com/membership/,account.samsung.com,Samsung account (leaves site)
./pages/sustainability/environment/index.php,2713,form,action,https://account.samsung.com/accounts/v1/DCGLPK/signInGate,account.samsung.com,Samsung account (leaves site)
./pages/sustainability/environment/index.php,2724,form,action,https://account.samsung.com/accounts/v1/DCGLPK/signOutGate,account.samsung.com,Samsung account (leaves site)
./pages/sustainability/environment/index.php,2730,form,action,https://account.samsung.com/membership/,account.samsung.com,Samsung account (leaves site)
./pages/sustainability/environment/index.php,2744,form,action,https://account.samsung.com/membership/,account.samsung.com,Samsung account (leaves site)
./pages/sustainability/environment/index.php,2756,form,action,https://account.samsung.com/membership/,account.samsung.com,Samsung account (leaves site)
./pages/sustainability/inclusive-workplace/index.php,2705,form,action,https://account.samsung.com/accounts/v1/DCGLPK/signInGate,account.samsung.com,Samsung account (leaves site)
./pages/sustainability/inclusive-workplace/index.php,2716,form,action,https://account.samsung.com/accounts/v1/DCGLPK/signOutGate,account.samsung.com,Samsung account (leaves site)
./pages/sustainability/inclusive-workplace/index.php,2722,form,action,https://account.samsung.com/membership/,account.samsung.com,Samsung account (leaves site)
./pages/sustainability/inclusive-workplace/index.php,2736,form,action,https://account.samsung.com/membership/,account.samsung.com,Samsung account (leaves site)
./pages/sustainability/inclusive-workplace/index.php,2748,form,action,https://account.samsung.com/membership/,account.samsung.com,Samsung account (leaves site)
./pages/sustainability/security-and-privacy/index.php,2703,form,action,https://account.samsung.com/accounts/v1/DCGLPK/signInGate,account.samsung.com,Samsung account (leaves site)
./pages/sustainability/security-and-privacy/index.php,2714,form,action,https://account.samsung.com/accounts/v1/DCGLPK/signOutGate,account.samsung.com,Samsung account (leaves site)
./pages/sustainability/security-and-privacy/index.php,2720,form,action,https://account.samsung.com/membership/,account.samsung.com,Samsung account (leaves site)
./pages/sustainability/security-and-privacy/index.php,2734,form,action,https://account.samsung.com/membership/,account.samsung.com,Samsung account (leaves site)
./pages/sustainability/security-and-privacy/index.php,2746,form,action,https://account.samsung.com/membership/,account.samsung.com,Samsung account (leaves site)
./pages/tablets/all-tablets/index.php,2676,form,action,https://account.samsung.com/accounts/v1/DCGLPK/signInGate,account.samsung.com,Samsung account (leaves site)
./pages/tablets/all-tablets/index.php,2687,form,action,https://account.samsung.com/accounts/v1/DCGLPK/signOutGate,account.samsung.com,Samsung account (leaves site)
./pages/tablets/all-tablets/index.php,2693,form,action,https://account.samsung.com/membership/,account.samsung.com,Samsung account (leaves site)
./pages/tablets/all-tablets/index.php,2707,form,action,https://account.samsung.com/membership/,account.samsung.com,Samsung account (leaves site)
./pages/tablets/all-tablets/index.php,2719,form,action,https://account.samsung.com/membership/,account.samsung.com,Samsung account (leaves site)
./pages/tablets/galaxy-tab-s/galaxy-tab-s9-fe-5g-gray-128gb-sm-x516bzaamea/index.php,2770,form,action,https://account.samsung.com/accounts/v1/DCGLPK/signInGate,account.samsung.com,Samsung account (leaves site)
./pages/tablets/galaxy-tab-s/galaxy-tab-s9-fe-5g-gray-128gb-sm-x516bzaamea/index.php,2781,form,action,https://account.samsung.com/accounts/v1/DCGLPK/signOutGate,account.samsung.com,Samsung account (leaves site)
./pages/tablets/galaxy-tab-s/galaxy-tab-s9-fe-5g-gray-128gb-sm-x516bzaamea/index.php,2787,form,action,https://account.samsung.com/membership/,account.samsung.com,Samsung account (leaves site)
./pages/tablets/galaxy-tab-s/galaxy-tab-s9-fe-5g-gray-128gb-sm-x516bzaamea/index.php,2801,form,action,https://account.samsung.com/membership/,account.samsung.com,Samsung account (leaves site)
./pages/tablets/galaxy-tab-s/galaxy-tab-s9-fe-5g-gray-128gb-sm-x516bzaamea/index.php,2813,form,action,https://account.samsung.com/membership/,account.samsung.com,Samsung account (leaves site)
./pages/tv-accessories/all-tv-accessories/index.php,2689,form,action,https://account.samsung.com/accounts/v1/DCGLPK/signInGate,account.samsung.com,Samsung account (leaves site)
./pages/tv-accessories/all-tv-accessories/index.php,2700,form,action,https://account.samsung.com/accounts/v1/DCGLPK/signOutGate,account.samsung.com,Samsung account (leaves site)
./pages/tv-accessories/all-tv-accessories/index.php,2706,form,action,https://account.samsung.com/membership/,account.samsung.com,Samsung account (leaves site)
./pages/tv-accessories/all-tv-accessories/index.php,2720,form,action,https://account.samsung.com/membership/,account.samsung.com,Samsung account (leaves site)
./pages/tv-accessories/all-tv-accessories/index.php,2732,form,action,https://account.samsung.com/membership/,account.samsung.com,Samsung account (leaves site)
./pages/tvs/all-tvs/index.php,2685,form,action,https://account.samsung.com/accounts/v1/DCGLPK/signInGate,account.samsung.com,Samsung account (leaves site)
./pages/tvs/all-tvs/index.php,2696,form,action,https://account.samsung.com/accounts/v1/DCGLPK/signOutGate,account.samsung.com,Samsung account (leaves site)
./pages/tvs/all-tvs/index.php,2702,form,action,https://account.samsung.com/membership/,account.samsung.com,Samsung account (leaves site)
./pages/tvs/all-tvs/index.php,2716,form,action,https://account.samsung.com/membership/,account.samsung.com,Samsung account (leaves site)
./pages/tvs/all-tvs/index.php,2728,form,action,https://account.samsung.com/membership/,account.samsung.com,Samsung account (leaves site)
./pages/tvs/help-me-choose/index.php,2685,form,action,https://account.samsung.com/accounts/v1/DCGLPK/signInGate,account.samsung.com,Samsung account (leaves site)
./pages/tvs/help-me-choose/index.php,2696,form,action,https://account.samsung.com/accounts/v1/DCGLPK/signOutGate,account.samsung.com,Samsung account (leaves site)
./pages/tvs/help-me-choose/index.php,2702,form,action,https://account.samsung.com/membership/,account.samsung.com,Samsung account (leaves site)
./pages/tvs/help-me-choose/index.php,2716,form,action,https://account.samsung.com/membership/,account.samsung.com,Samsung account (leaves site)
./pages/tvs/help-me-choose/index.php,2728,form,action,https://account.samsung.com/membership/,account.samsung.com,Samsung account (leaves site)
./pages/tvs/neo-qled-tvs/index.php,2687,form,action,https://account.samsung.com/accounts/v1/DCGLPK/signInGate,account.samsung.com,Samsung account (leaves site)
./pages/tvs/neo-qled-tvs/index.php,2698,form,action,https://account.samsung.com/accounts/v1/DCGLPK/signOutGate,account.samsung.com,Samsung account (leaves site)
./pages/tvs/neo-qled-tvs/index.php,2704,form,action,https://account.samsung.com/membership/,account.samsung.com,Samsung account (leaves site)
./pages/tvs/neo-qled-tvs/index.php,2718,form,action,https://account.samsung.com/membership/,account.samsung.com,Samsung account (leaves site)
./pages/tvs/neo-qled-tvs/index.php,2730,form,action,https://account.samsung.com/membership/,account.samsung.com,Samsung account (leaves site)
./pages/tvs/oled-tv/highlights/index.php,2714,form,action,https://account.samsung.com/accounts/v1/DCGLPK/signInGate,account.samsung.com,Samsung account (leaves site)
./pages/tvs/oled-tv/highlights/index.php,2725,form,action,https://account.samsung.com/accounts/v1/DCGLPK/signOutGate,account.samsung.com,Samsung account (leaves site)
./pages/tvs/oled-tv/highlights/index.php,2731,form,action,https://account.samsung.com/membership/,account.samsung.com,Samsung account (leaves site)
./pages/tvs/oled-tv/highlights/index.php,2745,form,action,https://account.samsung.com/membership/,account.samsung.com,Samsung account (leaves site)
./pages/tvs/oled-tv/highlights/index.php,2757,form,action,https://account.samsung.com/membership/,account.samsung.com,Samsung account (leaves site)
./pages/tvs/oled-tv/index.php,2687,form,action,https://account.samsung.com/accounts/v1/DCGLPK/signInGate,account.samsung.com,Samsung account (leaves site)
./pages/tvs/oled-tv/index.php,2698,form,action,https://account.samsung.com/accounts/v1/DCGLPK/signOutGate,account.samsung.com,Samsung account (leaves site)
./pages/tvs/oled-tv/index.php,2704,form,action,https://account.samsung.com/membership/,account.samsung.com,Samsung account (leaves site)
./pages/tvs/oled-tv/index.php,2718,form,action,https://account.samsung.com/membership/,account.samsung.com,Samsung account (leaves site)
./pages/tvs/oled-tv/index.php,2730,form,action,https://account.samsung.com/membership/,account.samsung.com,Samsung account (leaves site)
./pages/tvs/qled-tv/index.php,2691,form,action,https://account.samsung.com/accounts/v1/DCGLPK/signInGate,account.samsung.com,Samsung account (leaves site)
./pages/tvs/qled-tv/index.php,2702,form,action,https://account.samsung.com/accounts/v1/DCGLPK/signOutGate,account.samsung.com,Samsung account (leaves site)
./pages/tvs/qled-tv/index.php,2708,form,action,https://account.samsung.com/membership/,account.samsung.com,Samsung account (leaves site)
./pages/tvs/qled-tv/index.php,2722,form,action,https://account.samsung.com/membership/,account.samsung.com,Samsung account (leaves site)
./pages/tvs/qled-tv/index.php,2734,form,action,https://account.samsung.com/membership/,account.samsung.com,Samsung account (leaves site)
./pages/tvs/qled-tv/q7f-55-inch-qled-4k-smart-tv-qa55q7faausmm/index.php,2811,form,action,https://account.samsung.com/accounts/v1/DCGLPK/signInGate,account.samsung.com,Samsung account (leaves site)
./pages/tvs/qled-tv/q7f-55-inch-qled-4k-smart-tv-qa55q7faausmm/index.php,2822,form,action,https://account.samsung.com/accounts/v1/DCGLPK/signOutGate,account.samsung.com,Samsung account (leaves site)
./pages/tvs/qled-tv/q7f-55-inch-qled-4k-smart-tv-qa55q7faausmm/index.php,2828,form,action,https://account.samsung.com/membership/,account.samsung.com,Samsung account (leaves site)
./pages/tvs/qled-tv/q7f-55-inch-qled-4k-smart-tv-qa55q7faausmm/index.php,2842,form,action,https://account.samsung.com/membership/,account.samsung.com,Samsung account (leaves site)
./pages/tvs/qled-tv/q7f-55-inch-qled-4k-smart-tv-qa55q7faausmm/index.php,2854,form,action,https://account.samsung.com/membership/,account.samsung.com,Samsung account (leaves site)
./pages/tvs/uhd-4k-tv/du7000-65-inch-crystal-uhd-4k-tizen-os-smart-tv-ua65du7000uswk/index.php,2811,form,action,https://account.samsung.com/accounts/v1/DCGLPK/signInGate,account.samsung.com,Samsung account (leaves site)
./pages/tvs/uhd-4k-tv/du7000-65-inch-crystal-uhd-4k-tizen-os-smart-tv-ua65du7000uswk/index.php,2822,form,action,https://account.samsung.com/accounts/v1/DCGLPK/signOutGate,account.samsung.com,Samsung account (leaves site)
./pages/tvs/uhd-4k-tv/du7000-65-inch-crystal-uhd-4k-tizen-os-smart-tv-ua65du7000uswk/index.php,2828,form,action,https://account.samsung.com/membership/,account.samsung.com,Samsung account (leaves site)
./pages/tvs/uhd-4k-tv/du7000-65-inch-crystal-uhd-4k-tizen-os-smart-tv-ua65du7000uswk/index.php,2842,form,action,https://account.samsung.com/membership/,account.samsung.com,Samsung account (leaves site)
./pages/tvs/uhd-4k-tv/du7000-65-inch-crystal-uhd-4k-tizen-os-smart-tv-ua65du7000uswk/index.php,2854,form,action,https://account.samsung.com/membership/,account.samsung.com,Samsung account (leaves site)
./pages/tvs/vision-ai-tv/index.php,2704,form,action,https://account.samsung.com/accounts/v1/DCGLPK/signInGate,account.samsung.com,Samsung account (leaves site)
./pages/tvs/vision-ai-tv/index.php,2715,form,action,https://account.samsung.com/accounts/v1/DCGLPK/signOutGate,account.samsung.com,Samsung account (leaves site)
./pages/tvs/vision-ai-tv/index.php,2721,form,action,https://account.samsung.com/membership/,account.samsung.com,Samsung account (leaves site)
./pages/tvs/vision-ai-tv/index.php,2735,form,action,https://account.samsung.com/membership/,account.samsung.com,Samsung account (leaves site)
./pages/tvs/vision-ai-tv/index.php,2747,form,action,https://account.samsung.com/membership/,account.samsung.com,Samsung account (leaves site)
./pages/washers-and-dryers/all-washers-and-dryers/index.php,2685,form,action,https://account.samsung.com/accounts/v1/DCGLPK/signInGate,account.samsung.com,Samsung account (leaves site)
./pages/washers-and-dryers/all-washers-and-dryers/index.php,2696,form,action,https://account.samsung.com/accounts/v1/DCGLPK/signOutGate,account.samsung.com,Samsung account (leaves site)
./pages/washers-and-dryers/all-washers-and-dryers/index.php,2702,form,action,https://account.samsung.com/membership/,account.samsung.com,Samsung account (leaves site)
./pages/washers-and-dryers/all-washers-and-dryers/index.php,2716,form,action,https://account.samsung.com/membership/,account.samsung.com,Samsung account (leaves site)
./pages/washers-and-dryers/all-washers-and-dryers/index.php,2728,form,action,https://account.samsung.com/membership/,account.samsung.com,Samsung account (leaves site)
./pages/washers-and-dryers/washing-machines/wa5000c-top-load-ecobubble-digital-inverter-technology-super-speed-15kg-dark-gray-wa15ck5745bdrt/index.php,2811,form,action,https://account.samsung.com/accounts/v1/DCGLPK/signInGate,account.samsung.com,Samsung account (leaves site)
./pages/washers-and-dryers/washing-machines/wa5000c-top-load-ecobubble-digital-inverter-technology-super-speed-15kg-dark-gray-wa15ck5745bdrt/index.php,2822,form,action,https://account.samsung.com/accounts/v1/DCGLPK/signOutGate,account.samsung.com,Samsung account (leaves site)
./pages/washers-and-dryers/washing-machines/wa5000c-top-load-ecobubble-digital-inverter-technology-super-speed-15kg-dark-gray-wa15ck5745bdrt/index.php,2828,form,action,https://account.samsung.com/membership/,account.samsung.com,Samsung account (leaves site)
./pages/washers-and-dryers/washing-machines/wa5000c-top-load-ecobubble-digital-inverter-technology-super-speed-15kg-dark-gray-wa15ck5745bdrt/index.php,2842,form,action,https://account.samsung.com/membership/,account.samsung.com,Samsung account (leaves site)
./pages/washers-and-dryers/washing-machines/wa5000c-top-load-ecobubble-digital-inverter-technology-super-speed-15kg-dark-gray-wa15ck5745bdrt/index.php,2854,form,action,https://account.samsung.com/membership/,account.samsung.com,Samsung account (leaves site)
./pages/washers-and-dryers/washing-machines/ww5000d-front-loading-smartthings-ai-energy-mode-a-10-percent-extra-energy-efficiency-ai-ecobubble-9kg-black-ww90dg5u34abfa/index.php,2811,form,action,https://account.samsung.com/accounts/v1/DCGLPK/signInGate,account.samsung.com,Samsung account (leaves site)
./pages/washers-and-dryers/washing-machines/ww5000d-front-loading-smartthings-ai-energy-mode-a-10-percent-extra-energy-efficiency-ai-ecobubble-9kg-black-ww90dg5u34abfa/index.php,2822,form,action,https://account.samsung.com/accounts/v1/DCGLPK/signOutGate,account.samsung.com,Samsung account (leaves site)
./pages/washers-and-dryers/washing-machines/ww5000d-front-loading-smartthings-ai-energy-mode-a-10-percent-extra-energy-efficiency-ai-ecobubble-9kg-black-ww90dg5u34abfa/index.php,2828,form,action,https://account.samsung.com/membership/,account.samsung.com,Samsung account (leaves site)
./pages/washers-and-dryers/washing-machines/ww5000d-front-loading-smartthings-ai-energy-mode-a-10-percent-extra-energy-efficiency-ai-ecobubble-9kg-black-ww90dg5u34abfa/index.php,2842,form,action,https://account.samsung.com/membership/,account.samsung.com,Samsung account (leaves site)
./pages/washers-and-dryers/washing-machines/ww5000d-front-loading-smartthings-ai-energy-mode-a-10-percent-extra-energy-efficiency-ai-ecobubble-9kg-black-ww90dg5u34abfa/index.php,2854,form,action,https://account.samsung.com/membership/,account.samsung.com,Samsung account (leaves site)
./pages/watches/all-watches/index.php,2677,form,action,https://account.samsung.com/accounts/v1/DCGLPK/signInGate,account.samsung.com,Samsung account (leaves site)
./pages/watches/all-watches/index.php,2688,form,action,https://account.samsung.com/accounts/v1/DCGLPK/signOutGate,account.samsung.com,Samsung account (leaves site)
./pages/watches/all-watches/index.php,2694,form,action,https://account.samsung.com/membership/,account.samsung.com,Samsung account (leaves site)
./pages/watches/all-watches/index.php,2708,form,action,https://account.samsung.com/membership/,account.samsung.com,Samsung account (leaves site)
./pages/watches/all-watches/index.php,2720,form,action,https://account.samsung.com/membership/,account.samsung.com,Samsung account (leaves site)
./pages/watches/galaxy-watch/galaxy-watch8-44mm-silver-bluetooth-sm-l330nzsamea/index.php,2770,form,action,https://account.samsung.com/accounts/v1/DCGLPK/signInGate,account.samsung.com,Samsung account (leaves site)
./pages/watches/galaxy-watch/galaxy-watch8-44mm-silver-bluetooth-sm-l330nzsamea/index.php,2781,form,action,https://account.samsung.com/accounts/v1/DCGLPK/signOutGate,account.samsung.com,Samsung account (leaves site)
./pages/watches/galaxy-watch/galaxy-watch8-44mm-silver-bluetooth-sm-l330nzsamea/index.php,2787,form,action,https://account.samsung.com/membership/,account.samsung.com,Samsung account (leaves site)
./pages/watches/galaxy-watch/galaxy-watch8-44mm-silver-bluetooth-sm-l330nzsamea/index.php,2801,form,action,https://account.samsung.com/membership/,account.samsung.com,Samsung account (leaves site)
./pages/watches/galaxy-watch/galaxy-watch8-44mm-silver-bluetooth-sm-l330nzsamea/index.php,2813,form,action,https://account.samsung.com/membership/,account.samsung.com,Samsung account (leaves site)
./previous-index.php,8189,form,action,https://account.samsung.com/accounts/v1/DCGLPK/signInGate,account.samsung.com,Samsung account (leaves site)
./previous-index.php,8212,form,action,https://account.samsung.com/accounts/v1/DCGLPK/signOutGate,account.samsung.com,Samsung account (leaves site)
./previous-index.php,8230,form,action,https://account.samsung.com/membership/,account.samsung.com,Samsung account (leaves site)
./previous-index.php,8262,form,action,https://account.samsung.com/membership/,account.samsung.com,Samsung account (leaves site)
./previous-index.php,8279,form,action,https://account.samsung.com/membership/,account.samsung.com,Samsung account (leaves site)
./pages/smartphones/galaxy-s26/index.php,49465,a,href,https://browser.samsung.com/,browser.samsung.com,Samsung production (leaves local clone)
./pages/support/index.php,3785,form,action,https://contactus.samsung.com/customer/contactus/formmail/mail/MailQuestionProductType1.jsp,contactus.samsung.com,Samsung production (leaves local clone)
./index.php,5053,a,href,http://csr.samsung.com/en/main.do,csr.samsung.com,Samsung production (leaves local clone)
./pages/about-us/brand-identity/index.php,4247,a,href,http://csr.samsung.com/en/main.do,csr.samsung.com,Samsung production (leaves local clone)
./pages/about-us/business-area/index.php,4580,a,href,http://csr.samsung.com/en/main.do,csr.samsung.com,Samsung production (leaves local clone)
./pages/about-us/careers/index.php,4414,a,href,http://csr.samsung.com/en/main.do,csr.samsung.com,Samsung production (leaves local clone)
./pages/about-us/company-info/index.php,6559,a,href,http://csr.samsung.com/en/main.do,csr.samsung.com,Samsung production (leaves local clone)
./pages/about-us/ethics/index.php,4599,a,href,http://csr.samsung.com/en/main.do,csr.samsung.com,Samsung production (leaves local clone)
./pages/air-conditioners/all-air-conditioners/index.php,5706,a,href,http://csr.samsung.com/en/main.do,csr.samsung.com,Samsung production (leaves local clone)
./pages/air-conditioners/wall-mount/ar9500t-ar18asfzgwk2pm/index.php,10259,a,href,http://csr.samsung.com/en/main.do,csr.samsung.com,Samsung production (leaves local clone)
./pages/air-conditioners/wall-mount/ar9500t-ar50f12c1uhnsa-non-windfree-ar50f18c1nh2pm/index.php,12280,a,href,http://csr.samsung.com/en/main.do,csr.samsung.com,Samsung production (leaves local clone)
./pages/apps/index.php,7807,a,href,http://csr.samsung.com/en/main.do,csr.samsung.com,Samsung production (leaves local clone)
./pages/apps/samsung-health/index.php,8778,a,href,http://csr.samsung.com/en/main.do,csr.samsung.com,Samsung production (leaves local clone)
./pages/audio-sound/all-audio-sound/index.php,5887,a,href,http://csr.samsung.com/en/main.do,csr.samsung.com,Samsung production (leaves local clone)
./pages/audio-sound/galaxy-buds/galaxy-buds4-pro-black-sm-r640nzkamea/index.php,11632,a,href,http://csr.samsung.com/en/main.do,csr.samsung.com,Samsung production (leaves local clone)
./pages/business/index.php,5904,a,href,http://csr.samsung.com/en/main.do,csr.samsung.com,Samsung production (leaves local clone)
./pages/buy-direct-get-more/index.php,5913,a,href,http://csr.samsung.com/en/main.do,csr.samsung.com,Samsung production (leaves local clone)
./pages/dishwashers/all-dishwashers/index.php,5380,a,href,http://csr.samsung.com/en/main.do,csr.samsung.com,Samsung production (leaves local clone)
./pages/dishwashers/built-in/dw7700b-dw60dg790i00-energy-efficiency-waterjet-clean-14-place-settings-silver-dw60dg790fslgu/index.php,10582,a,href,http://csr.samsung.com/en/main.do,csr.samsung.com,Samsung production (leaves local clone)
./pages/explore/index.php,5558,a,href,http://csr.samsung.com/en/main.do,csr.samsung.com,Samsung production (leaves local clone)
./pages/function/ipredirection/ipredirectionLocalList/index.php,4375,a,href,http://csr.samsung.com/en/main.do,csr.samsung.com,Samsung production (leaves local clone)
./pages/galaxy-ai/index.php,7079,a,href,http://csr.samsung.com/en/main.do,csr.samsung.com,Samsung production (leaves local clone)
./pages/home-appliances/buying-guide/index.php,4169,a,href,http://csr.samsung.com/en/main.do,csr.samsung.com,Samsung production (leaves local clone)
./pages/home-appliances/faq/index.php,4182,a,href,http://csr.samsung.com/en/main.do,csr.samsung.com,Samsung production (leaves local clone)
./pages/index.php,5050,a,href,http://csr.samsung.com/en/main.do,csr.samsung.com,Samsung production (leaves local clone)
./pages/info/legal/index.php,3760,a,href,http://csr.samsung.com/en/main.do,csr.samsung.com,Samsung production (leaves local clone)
./pages/info/privacy/index.php,4266,a,href,http://csr.samsung.com/en/main.do,csr.samsung.com,Samsung production (leaves local clone)
./pages/info/sitemap/index.php,4496,a,href,http://csr.samsung.com/en/main.do,csr.samsung.com,Samsung production (leaves local clone)
./pages/innovation-campus/index.php,4486,a,href,http://csr.samsung.com/en/main.do,csr.samsung.com,Samsung production (leaves local clone)
./pages/lifestyle-tvs/all-lifestyle-tvs/index.php,5709,a,href,http://csr.samsung.com/en/main.do,csr.samsung.com,Samsung production (leaves local clone)
./pages/lifestyle-tvs/the-frame/highlights/index.php,5526,a,href,http://csr.samsung.com/en/main.do,csr.samsung.com,Samsung production (leaves local clone)
./pages/lifestyle-tvs/the-frame/ls03f-65-inch-art-store-black-qa65ls03fausmm/index.php,13002,a,href,http://csr.samsung.com/en/main.do,csr.samsung.com,Samsung production (leaves local clone)
./pages/mobile-accessories/all-mobile-accessories/index.php,6992,a,href,http://csr.samsung.com/en/main.do,csr.samsung.com,Samsung production (leaves local clone)
./pages/mobile/find-your-galaxy/index.php,6760,a,href,http://csr.samsung.com/en/main.do,csr.samsung.com,Samsung production (leaves local clone)
./pages/mobile/index.php,8373,a,href,http://csr.samsung.com/en/main.do,csr.samsung.com,Samsung production (leaves local clone)
./pages/mobile/switch-to-galaxy/index.php,6678,a,href,http://csr.samsung.com/en/main.do,csr.samsung.com,Samsung production (leaves local clone)
./pages/monitors/all-monitors/index.php,7231,a,href,http://csr.samsung.com/en/main.do,csr.samsung.com,Samsung production (leaves local clone)
./pages/monitors/full-hd-1080p/index.php,5325,a,href,http://csr.samsung.com/en/main.do,csr.samsung.com,Samsung production (leaves local clone)
./pages/monitors/gaming/index.php,6593,a,href,http://csr.samsung.com/en/main.do,csr.samsung.com,Samsung production (leaves local clone)
./pages/monitors/gaming/odyssey-g5-34-inch-165hz-curved-ultra-wqhd-lc34g55twwmxue/index.php,9948,a,href,http://csr.samsung.com/en/main.do,csr.samsung.com,Samsung production (leaves local clone)
./pages/monitors/gaming/odyssey-oled-g9-g93sc-49-inch-240hz-curved-dual-qhd-ls49cg934smxue/index.php,11324,a,href,http://csr.samsung.com/en/main.do,csr.samsung.com,Samsung production (leaves local clone)
./pages/monitors/high-resolution/index.php,5692,a,href,http://csr.samsung.com/en/main.do,csr.samsung.com,Samsung production (leaves local clone)
./pages/monitors/monitor-buying-guide/index.php,4564,a,href,http://csr.samsung.com/en/main.do,csr.samsung.com,Samsung production (leaves local clone)
./pages/monitors/odyssey-gaming-monitor/index.php,6428,a,href,http://csr.samsung.com/en/main.do,csr.samsung.com,Samsung production (leaves local clone)
./pages/monitors/smart/index.php,7095,a,href,http://csr.samsung.com/en/main.do,csr.samsung.com,Samsung production (leaves local clone)
./pages/monitors/viewfinity-high-resolution-monitor/index.php,17343,a,href,http://csr.samsung.com/en/main.do,csr.samsung.com,Samsung production (leaves local clone)
./pages/news/index.php,3950,a,href,http://csr.samsung.com/en/main.do,csr.samsung.com,Samsung production (leaves local clone)
./pages/offer/index.php,8151,a,href,http://csr.samsung.com/en/main.do,csr.samsung.com,Samsung production (leaves local clone)
./pages/offer/mobile/smartphones/index.php,8151,a,href,http://csr.samsung.com/en/main.do,csr.samsung.com,Samsung production (leaves local clone)
./pages/offer/mobile/tablets/index.php,8151,a,href,http://csr.samsung.com/en/main.do,csr.samsung.com,Samsung production (leaves local clone)
./pages/offer/mobile/wearables-and-accessories/index.php,8151,a,href,http://csr.samsung.com/en/main.do,csr.samsung.com,Samsung production (leaves local clone)
./pages/offer/samsung-week/index.php,9608,a,href,http://csr.samsung.com/en/main.do,csr.samsung.com,Samsung production (leaves local clone)
./pages/one-ui/index.php,6711,a,href,http://csr.samsung.com/en/main.do,csr.samsung.com,Samsung production (leaves local clone)
./pages/projectors/all-projectors/index.php,5461,a,href,http://csr.samsung.com/en/main.do,csr.samsung.com,Samsung production (leaves local clone)
./pages/refrigerators/all-refrigerators/index.php,7351,a,href,http://csr.samsung.com/en/main.do,csr.samsung.com,Samsung production (leaves local clone)
./pages/refrigerators/side-by-side/refrigerator-sbs-rs90f-basic-655l-black-doi-rs70f65qeftr/index.php,11115,a,href,http://csr.samsung.com/en/main.do,csr.samsung.com,Samsung production (leaves local clone)
./pages/refrigerators/top-mount-freezer/rt7300d-smartthings-ai-energy-mode-top-mount-freezer-smartthings-ai-energy-mode-540l-black-rt53dg7b10b1fa/index.php,11206,a,href,http://csr.samsung.com/en/main.do,csr.samsung.com,Samsung production (leaves local clone)
./pages/search/index.php,3740,a,href,http://csr.samsung.com/en/main.do,csr.samsung.com,Samsung production (leaves local clone)
./pages/shop-faq/index.php,4255,a,href,http://csr.samsung.com/en/main.do,csr.samsung.com,Samsung production (leaves local clone)
./pages/sign-language/index.php,4251,a,href,http://csr.samsung.com/en/main.do,csr.samsung.com,Samsung production (leaves local clone)
./pages/smartphones/all-smartphones/index.php,8762,a,href,http://csr.samsung.com/en/main.do,csr.samsung.com,Samsung production (leaves local clone)
./pages/smartphones/galaxy-a/galaxy-a57-5g/buy/index.php,7504,a,href,http://csr.samsung.com/en/main.do,csr.samsung.com,Samsung production (leaves local clone)
./pages/smartphones/galaxy-a56-5g/buy/index.php,7594,a,href,http://csr.samsung.com/en/main.do,csr.samsung.com,Samsung production (leaves local clone)
./pages/smartphones/galaxy-s/galaxy-s25-fe-navy-256gb-sm-s731bdbvpkd/index.php,11451,a,href,http://csr.samsung.com/en/main.do,csr.samsung.com,Samsung production (leaves local clone)
./pages/smartphones/galaxy-s25/buy/index.php,8319,a,href,http://csr.samsung.com/en/main.do,csr.samsung.com,Samsung production (leaves local clone)
./pages/smartphones/galaxy-s26/index.php,60622,a,href,http://csr.samsung.com/en/main.do,csr.samsung.com,Samsung production (leaves local clone)
./pages/smartthings/index.php,7650,a,href,http://csr.samsung.com/en/main.do,csr.samsung.com,Samsung production (leaves local clone)
./pages/store-locator/index.php,6362,a,href,http://csr.samsung.com/en/main.do,csr.samsung.com,Samsung production (leaves local clone)
./pages/support/contact/index.php,4192,a,href,http://csr.samsung.com/en/main.do,csr.samsung.com,Samsung production (leaves local clone)
./pages/support/index.php,5562,a,href,http://csr.samsung.com/en/main.do,csr.samsung.com,Samsung production (leaves local clone)
./pages/support/newsalert/index.php,4308,a,href,http://csr.samsung.com/en/main.do,csr.samsung.com,Samsung production (leaves local clone)
./pages/support/repair-price/index.php,13924,a,href,http://csr.samsung.com/en/main.do,csr.samsung.com,Samsung production (leaves local clone)
./pages/support/service-center/index.php,4974,a,href,http://csr.samsung.com/en/main.do,csr.samsung.com,Samsung production (leaves local clone)
./pages/support/user-manuals-and-guide/index.php,4174,a,href,http://csr.samsung.com/en/main.do,csr.samsung.com,Samsung production (leaves local clone)
./pages/support/warranty/index.php,4831,a,href,http://csr.samsung.com/en/main.do,csr.samsung.com,Samsung production (leaves local clone)
./pages/sustainability/accessibility/overview/index.php,4786,a,href,http://csr.samsung.com/en/main.do,csr.samsung.com,Samsung production (leaves local clone)
./pages/sustainability/environment/index.php,8763,a,href,http://csr.samsung.com/en/main.do,csr.samsung.com,Samsung production (leaves local clone)
./pages/sustainability/inclusive-workplace/index.php,5668,a,href,http://csr.samsung.com/en/main.do,csr.samsung.com,Samsung production (leaves local clone)
./pages/sustainability/security-and-privacy/index.php,4604,a,href,http://csr.samsung.com/en/main.do,csr.samsung.com,Samsung production (leaves local clone)
./pages/tablets/all-tablets/index.php,5610,a,href,http://csr.samsung.com/en/main.do,csr.samsung.com,Samsung production (leaves local clone)
./pages/tablets/galaxy-tab-s/galaxy-tab-s9-fe-5g-gray-128gb-sm-x516bzaamea/index.php,8531,a,href,http://csr.samsung.com/en/main.do,csr.samsung.com,Samsung production (leaves local clone)
./pages/tv-accessories/all-tv-accessories/index.php,5228,a,href,http://csr.samsung.com/en/main.do,csr.samsung.com,Samsung production (leaves local clone)
./pages/tvs/all-tvs/index.php,7748,a,href,http://csr.samsung.com/en/main.do,csr.samsung.com,Samsung production (leaves local clone)
./pages/tvs/help-me-choose/index.php,9480,a,href,http://csr.samsung.com/en/main.do,csr.samsung.com,Samsung production (leaves local clone)
./pages/tvs/neo-qled-tvs/index.php,7210,a,href,http://csr.samsung.com/en/main.do,csr.samsung.com,Samsung production (leaves local clone)
./pages/tvs/oled-tv/highlights/index.php,10040,a,href,http://csr.samsung.com/en/main.do,csr.samsung.com,Samsung production (leaves local clone)
./pages/tvs/oled-tv/index.php,6305,a,href,http://csr.samsung.com/en/main.do,csr.samsung.com,Samsung production (leaves local clone)
./pages/tvs/qled-tv/index.php,7591,a,href,http://csr.samsung.com/en/main.do,csr.samsung.com,Samsung production (leaves local clone)
./pages/tvs/qled-tv/q7f-55-inch-qled-4k-smart-tv-qa55q7faausmm/index.php,15271,a,href,http://csr.samsung.com/en/main.do,csr.samsung.com,Samsung production (leaves local clone)
./pages/tvs/uhd-4k-tv/du7000-65-inch-crystal-uhd-4k-tizen-os-smart-tv-ua65du7000uswk/index.php,12530,a,href,http://csr.samsung.com/en/main.do,csr.samsung.com,Samsung production (leaves local clone)
./pages/tvs/vision-ai-tv/index.php,4925,a,href,http://csr.samsung.com/en/main.do,csr.samsung.com,Samsung production (leaves local clone)
./pages/washers-and-dryers/all-washers-and-dryers/index.php,7749,a,href,http://csr.samsung.com/en/main.do,csr.samsung.com,Samsung production (leaves local clone)
./pages/washers-and-dryers/washing-machines/wa5000c-top-load-ecobubble-digital-inverter-technology-super-speed-15kg-dark-gray-wa15ck5745bdrt/index.php,9692,a,href,http://csr.samsung.com/en/main.do,csr.samsung.com,Samsung production (leaves local clone)
./pages/washers-and-dryers/washing-machines/ww5000d-front-loading-smartthings-ai-energy-mode-a-10-percent-extra-energy-efficiency-ai-ecobubble-9kg-black-ww90dg5u34abfa/index.php,10968,a,href,http://csr.samsung.com/en/main.do,csr.samsung.com,Samsung production (leaves local clone)
./pages/watches/all-watches/index.php,6170,a,href,http://csr.samsung.com/en/main.do,csr.samsung.com,Samsung production (leaves local clone)
./pages/watches/galaxy-watch/galaxy-watch8-44mm-silver-bluetooth-sm-l330nzsamea/index.php,12993,a,href,http://csr.samsung.com/en/main.do,csr.samsung.com,Samsung production (leaves local clone)
./previous-index.php,12075,a,href,http://csr.samsung.com/en/main.do,csr.samsung.com,Samsung production (leaves local clone)
./pages/support/index.php,4170,a,href,https://help.content.samsung.com/csweb/auth/gosupport.do?serviceCd=sconnect&amp;_common_country=&amp;_common_lang=&amp;targetUrl=/faq/searchFaq.do%20https%3A//help.content.samsung.com/csweb/auth/gosupport.do?serviceCd=sconnect&amp;_common_country=&amp;_common_lang=&amp;targetUrl=/faq/searchFaq.do,help.content.samsung.com,Samsung production (leaves local clone)
./global/ir/index.html,20,link,href,https://images.samsung.com,images.samsung.com,Samsung production (leaves local clone)
./global/ir/index.html,6211,a,href,https://images.samsung.com/is/content/samsung/assets/global/ir/docs/2025_4Q_Interim_Report.pdf,images.samsung.com,Samsung production (leaves local clone)
./global/ir/index.html,6217,a,href,https://images.samsung.com/is/content/samsung/assets/global/ir/docs/2025_con_quarter04_all.pdf,images.samsung.com,Samsung production (leaves local clone)
./global/ir/index.html,6341,a,href,https://images.samsung.com/is/content/samsung/assets/global/ir/docs/2025_con_quarter01_all.pdf,images.samsung.com,Samsung production (leaves local clone)
./global/ir/index.html,6345,a,href,https://images.samsung.com/is/content/samsung/assets/global/ir/docs/2025_con_quarter01_bs.pdf,images.samsung.com,Samsung production (leaves local clone)
./global/ir/index.html,6349,a,href,https://images.samsung.com/is/content/samsung/assets/global/ir/docs/2025_con_quarter01_soi.pdf,images.samsung.com,Samsung production (leaves local clone)
./global/ir/index.html,6362,a,href,https://images.samsung.com/is/content/samsung/assets/global/ir/docs/2025_con_quarter02_all.pdf,images.samsung.com,Samsung production (leaves local clone)
./global/ir/index.html,6366,a,href,https://images.samsung.com/is/content/samsung/assets/global/ir/docs/2025_con_quarter02_bs.pdf,images.samsung.com,Samsung production (leaves local clone)
./global/ir/index.html,6370,a,href,https://images.samsung.com/is/content/samsung/assets/global/ir/docs/2025_con_quarter02_soi.pdf,images.samsung.com,Samsung production (leaves local clone)
./global/ir/index.html,6383,a,href,https://images.samsung.com/is/content/samsung/assets/global/ir/docs/2025_con_quarter03_all.pdf,images.samsung.com,Samsung production (leaves local clone)
./global/ir/index.html,6387,a,href,https://images.samsung.com/is/content/samsung/assets/global/ir/docs/2025_con_quarter03_bs.pdf,images.samsung.com,Samsung production (leaves local clone)
./global/ir/index.html,6391,a,href,https://images.samsung.com/is/content/samsung/assets/global/ir/docs/2025_con_quarter03_soi.pdf,images.samsung.com,Samsung production (leaves local clone)
./global/ir/index.html,6404,a,href,https://images.samsung.com/is/content/samsung/assets/global/ir/docs/2025_con_quarter04_all.pdf,images.samsung.com,Samsung production (leaves local clone)
./global/ir/index.html,6408,a,href,https://images.samsung.com/is/content/samsung/assets/global/ir/docs/2025_con_quarter04_bs.pdf,images.samsung.com,Samsung production (leaves local clone)
./global/ir/index.html,6412,a,href,https://images.samsung.com/is/content/samsung/assets/global/ir/docs/2025_con_quarter04_soi.pdf,images.samsung.com,Samsung production (leaves local clone)
./global/ir/index.html,6426,a,href,https://images.samsung.com/is/content/samsung/assets/global/ir/docs/2022_con_quarter04_all_1.pdf,images.samsung.com,Samsung production (leaves local clone)
./global/ir/index.html,6430,a,href,https://images.samsung.com/is/content/samsung/assets/global/ir/docs/2022_con_quarter04_bs_1.pdf,images.samsung.com,Samsung production (leaves local clone)
./global/ir/index.html,6434,a,href,https://images.samsung.com/is/content/samsung/assets/global/ir/docs/2022_con_quarter04_soi_1.pdf,images.samsung.com,Samsung production (leaves local clone)
./index.php,24,link,href,https://images.samsung.com,images.samsung.com,Samsung production (leaves local clone)
./pages/about-us/brand-identity/index.php,20,link,href,https://images.samsung.com,images.samsung.com,Samsung production (leaves local clone)
./pages/about-us/business-area/index.php,20,link,href,https://images.samsung.com,images.samsung.com,Samsung production (leaves local clone)
./pages/about-us/careers/index.php,20,link,href,https://images.samsung.com,images.samsung.com,Samsung production (leaves local clone)
./pages/about-us/company-info/index.php,20,link,href,https://images.samsung.com,images.samsung.com,Samsung production (leaves local clone)
./pages/about-us/ethics/index.php,20,link,href,https://images.samsung.com,images.samsung.com,Samsung production (leaves local clone)
./pages/air-conditioners/all-air-conditioners/index.php,20,link,href,https://images.samsung.com,images.samsung.com,Samsung production (leaves local clone)
./pages/air-conditioners/wall-mount/ar9500t-ar18asfzgwk2pm/index.php,20,link,href,https://images.samsung.com,images.samsung.com,Samsung production (leaves local clone)
./pages/air-conditioners/wall-mount/ar9500t-ar50f12c1uhnsa-non-windfree-ar50f18c1nh2pm/index.php,20,link,href,https://images.samsung.com,images.samsung.com,Samsung production (leaves local clone)
./pages/apps/index.php,20,link,href,https://images.samsung.com,images.samsung.com,Samsung production (leaves local clone)
./pages/apps/samsung-health/index.php,20,link,href,https://images.samsung.com,images.samsung.com,Samsung production (leaves local clone)
./pages/audio-sound/all-audio-sound/index.php,20,link,href,https://images.samsung.com,images.samsung.com,Samsung production (leaves local clone)
./pages/audio-sound/galaxy-buds/galaxy-buds4-pro-black-sm-r640nzkamea/index.php,20,link,href,https://images.samsung.com,images.samsung.com,Samsung production (leaves local clone)
./pages/business/index.php,20,link,href,https://images.samsung.com,images.samsung.com,Samsung production (leaves local clone)
./pages/buy-direct-get-more/index.php,20,link,href,https://images.samsung.com,images.samsung.com,Samsung production (leaves local clone)
./pages/dishwashers/all-dishwashers/index.php,20,link,href,https://images.samsung.com,images.samsung.com,Samsung production (leaves local clone)
./pages/dishwashers/built-in/dw7700b-dw60dg790i00-energy-efficiency-waterjet-clean-14-place-settings-silver-dw60dg790fslgu/index.php,20,link,href,https://images.samsung.com,images.samsung.com,Samsung production (leaves local clone)
./pages/explore/index.php,20,link,href,https://images.samsung.com,images.samsung.com,Samsung production (leaves local clone)
./pages/function/ipredirection/ipredirectionLocalList/index.php,20,link,href,https://images.samsung.com,images.samsung.com,Samsung production (leaves local clone)
./pages/galaxy-ai/index.php,20,link,href,https://images.samsung.com,images.samsung.com,Samsung production (leaves local clone)
./pages/home-appliances/buying-guide/index.php,20,link,href,https://images.samsung.com,images.samsung.com,Samsung production (leaves local clone)
./pages/home-appliances/faq/index.php,20,link,href,https://images.samsung.com,images.samsung.com,Samsung production (leaves local clone)
./pages/index.php,21,link,href,https://images.samsung.com,images.samsung.com,Samsung production (leaves local clone)
./pages/info/legal/index.php,20,link,href,https://images.samsung.com,images.samsung.com,Samsung production (leaves local clone)
./pages/info/privacy/index.php,20,link,href,https://images.samsung.com,images.samsung.com,Samsung production (leaves local clone)
./pages/info/sitemap/index.php,20,link,href,https://images.samsung.com,images.samsung.com,Samsung production (leaves local clone)
./pages/innovation-campus/index.php,20,link,href,https://images.samsung.com,images.samsung.com,Samsung production (leaves local clone)
./pages/lifestyle-tvs/all-lifestyle-tvs/index.php,20,link,href,https://images.samsung.com,images.samsung.com,Samsung production (leaves local clone)
./pages/lifestyle-tvs/the-frame/highlights/index.php,20,link,href,https://images.samsung.com,images.samsung.com,Samsung production (leaves local clone)
./pages/lifestyle-tvs/the-frame/ls03f-65-inch-art-store-black-qa65ls03fausmm/index.php,20,link,href,https://images.samsung.com,images.samsung.com,Samsung production (leaves local clone)
./pages/mobile-accessories/all-mobile-accessories/index.php,20,link,href,https://images.samsung.com,images.samsung.com,Samsung production (leaves local clone)
./pages/mobile/find-your-galaxy/index.php,20,link,href,https://images.samsung.com,images.samsung.com,Samsung production (leaves local clone)
./pages/mobile/index.php,20,link,href,https://images.samsung.com,images.samsung.com,Samsung production (leaves local clone)
./pages/mobile/switch-to-galaxy/index.php,20,link,href,https://images.samsung.com,images.samsung.com,Samsung production (leaves local clone)
./pages/monitors/all-monitors/index.php,20,link,href,https://images.samsung.com,images.samsung.com,Samsung production (leaves local clone)
./pages/monitors/full-hd-1080p/index.php,20,link,href,https://images.samsung.com,images.samsung.com,Samsung production (leaves local clone)
./pages/monitors/gaming/index.php,20,link,href,https://images.samsung.com,images.samsung.com,Samsung production (leaves local clone)
./pages/monitors/gaming/odyssey-g5-34-inch-165hz-curved-ultra-wqhd-lc34g55twwmxue/index.php,20,link,href,https://images.samsung.com,images.samsung.com,Samsung production (leaves local clone)
./pages/monitors/gaming/odyssey-oled-g9-g93sc-49-inch-240hz-curved-dual-qhd-ls49cg934smxue/index.php,20,link,href,https://images.samsung.com,images.samsung.com,Samsung production (leaves local clone)
./pages/monitors/high-resolution/index.php,20,link,href,https://images.samsung.com,images.samsung.com,Samsung production (leaves local clone)
./pages/monitors/monitor-buying-guide/index.php,20,link,href,https://images.samsung.com,images.samsung.com,Samsung production (leaves local clone)
./pages/monitors/odyssey-gaming-monitor/index.php,20,link,href,https://images.samsung.com,images.samsung.com,Samsung production (leaves local clone)
./pages/monitors/smart/index.php,20,link,href,https://images.samsung.com,images.samsung.com,Samsung production (leaves local clone)
./pages/monitors/viewfinity-high-resolution-monitor/index.php,20,link,href,https://images.samsung.com,images.samsung.com,Samsung production (leaves local clone)
./pages/news/index.php,20,link,href,https://images.samsung.com,images.samsung.com,Samsung production (leaves local clone)
./pages/offer/index.php,20,link,href,https://images.samsung.com,images.samsung.com,Samsung production (leaves local clone)
./pages/offer/mobile/smartphones/index.php,20,link,href,https://images.samsung.com,images.samsung.com,Samsung production (leaves local clone)
./pages/offer/mobile/tablets/index.php,20,link,href,https://images.samsung.com,images.samsung.com,Samsung production (leaves local clone)
./pages/offer/mobile/wearables-and-accessories/index.php,20,link,href,https://images.samsung.com,images.samsung.com,Samsung production (leaves local clone)
./pages/offer/samsung-week/index.php,20,link,href,https://images.samsung.com,images.samsung.com,Samsung production (leaves local clone)
./pages/one-ui/index.php,20,link,href,https://images.samsung.com,images.samsung.com,Samsung production (leaves local clone)
./pages/projectors/all-projectors/index.php,20,link,href,https://images.samsung.com,images.samsung.com,Samsung production (leaves local clone)
./pages/refrigerators/all-refrigerators/index.php,20,link,href,https://images.samsung.com,images.samsung.com,Samsung production (leaves local clone)
./pages/refrigerators/side-by-side/refrigerator-sbs-rs90f-basic-655l-black-doi-rs70f65qeftr/index.php,20,link,href,https://images.samsung.com,images.samsung.com,Samsung production (leaves local clone)
./pages/refrigerators/top-mount-freezer/rt7300d-smartthings-ai-energy-mode-top-mount-freezer-smartthings-ai-energy-mode-540l-black-rt53dg7b10b1fa/index.php,20,link,href,https://images.samsung.com,images.samsung.com,Samsung production (leaves local clone)
./pages/search/index.php,20,link,href,https://images.samsung.com,images.samsung.com,Samsung production (leaves local clone)
./pages/shop-faq/index.php,20,link,href,https://images.samsung.com,images.samsung.com,Samsung production (leaves local clone)
./pages/sign-language/index.php,20,link,href,https://images.samsung.com,images.samsung.com,Samsung production (leaves local clone)
./pages/smartphones/all-smartphones/index.php,20,link,href,https://images.samsung.com,images.samsung.com,Samsung production (leaves local clone)
./pages/smartphones/galaxy-a/galaxy-a57-5g/buy/index.php,20,link,href,https://images.samsung.com,images.samsung.com,Samsung production (leaves local clone)
./pages/smartphones/galaxy-a56-5g/buy/index.php,20,link,href,https://images.samsung.com,images.samsung.com,Samsung production (leaves local clone)
./pages/smartphones/galaxy-s/galaxy-s25-fe-navy-256gb-sm-s731bdbvpkd/index.php,20,link,href,https://images.samsung.com,images.samsung.com,Samsung production (leaves local clone)
./pages/smartphones/galaxy-s25/buy/index.php,20,link,href,https://images.samsung.com,images.samsung.com,Samsung production (leaves local clone)
./pages/smartphones/galaxy-s26/index.php,25,link,href,https://images.samsung.com,images.samsung.com,Samsung production (leaves local clone)
./pages/smartthings/index.php,20,link,href,https://images.samsung.com,images.samsung.com,Samsung production (leaves local clone)
./pages/store-locator/index.php,20,link,href,https://images.samsung.com,images.samsung.com,Samsung production (leaves local clone)
./pages/support/contact/index.php,20,link,href,https://images.samsung.com,images.samsung.com,Samsung production (leaves local clone)
./pages/support/index.php,20,link,href,https://images.samsung.com,images.samsung.com,Samsung production (leaves local clone)
./pages/support/newsalert/index.php,20,link,href,https://images.samsung.com,images.samsung.com,Samsung production (leaves local clone)
./pages/support/repair-price/index.php,20,link,href,https://images.samsung.com,images.samsung.com,Samsung production (leaves local clone)
./pages/support/repair-price/index.php,3108,link,href,https://images.samsung.com,images.samsung.com,Samsung production (leaves local clone)
./pages/support/repair-price/index.php,4219,link,href,https://images.samsung.com,images.samsung.com,Samsung production (leaves local clone)
./pages/support/service-center/index.php,26,link,href,https://images.samsung.com,images.samsung.com,Samsung production (leaves local clone)
./pages/support/user-manuals-and-guide/index.php,20,link,href,https://images.samsung.com,images.samsung.com,Samsung production (leaves local clone)
./pages/support/warranty/index.php,20,link,href,https://images.samsung.com,images.samsung.com,Samsung production (leaves local clone)
./pages/sustainability/accessibility/overview/index.php,20,link,href,https://images.samsung.com,images.samsung.com,Samsung production (leaves local clone)
./pages/sustainability/environment/index.php,20,link,href,https://images.samsung.com,images.samsung.com,Samsung production (leaves local clone)
./pages/sustainability/inclusive-workplace/index.php,20,link,href,https://images.samsung.com,images.samsung.com,Samsung production (leaves local clone)
./pages/sustainability/security-and-privacy/index.php,20,link,href,https://images.samsung.com,images.samsung.com,Samsung production (leaves local clone)
./pages/tablets/all-tablets/index.php,20,link,href,https://images.samsung.com,images.samsung.com,Samsung production (leaves local clone)
./pages/tablets/galaxy-tab-s/galaxy-tab-s9-fe-5g-gray-128gb-sm-x516bzaamea/index.php,20,link,href,https://images.samsung.com,images.samsung.com,Samsung production (leaves local clone)
./pages/tv-accessories/all-tv-accessories/index.php,20,link,href,https://images.samsung.com,images.samsung.com,Samsung production (leaves local clone)
./pages/tvs/all-tvs/index.php,20,link,href,https://images.samsung.com,images.samsung.com,Samsung production (leaves local clone)
./pages/tvs/help-me-choose/index.php,20,link,href,https://images.samsung.com,images.samsung.com,Samsung production (leaves local clone)
./pages/tvs/neo-qled-tvs/index.php,20,link,href,https://images.samsung.com,images.samsung.com,Samsung production (leaves local clone)
./pages/tvs/oled-tv/highlights/index.php,20,link,href,https://images.samsung.com,images.samsung.com,Samsung production (leaves local clone)
./pages/tvs/oled-tv/index.php,20,link,href,https://images.samsung.com,images.samsung.com,Samsung production (leaves local clone)
./pages/tvs/qled-tv/index.php,20,link,href,https://images.samsung.com,images.samsung.com,Samsung production (leaves local clone)
./pages/tvs/qled-tv/q7f-55-inch-qled-4k-smart-tv-qa55q7faausmm/index.php,20,link,href,https://images.samsung.com,images.samsung.com,Samsung production (leaves local clone)
./pages/tvs/uhd-4k-tv/du7000-65-inch-crystal-uhd-4k-tizen-os-smart-tv-ua65du7000uswk/index.php,20,link,href,https://images.samsung.com,images.samsung.com,Samsung production (leaves local clone)
./pages/tvs/vision-ai-tv/index.php,20,link,href,https://images.samsung.com,images.samsung.com,Samsung production (leaves local clone)
./pages/washers-and-dryers/all-washers-and-dryers/index.php,20,link,href,https://images.samsung.com,images.samsung.com,Samsung production (leaves local clone)
./pages/washers-and-dryers/washing-machines/wa5000c-top-load-ecobubble-digital-inverter-technology-super-speed-15kg-dark-gray-wa15ck5745bdrt/index.php,20,link,href,https://images.samsung.com,images.samsung.com,Samsung production (leaves local clone)
./pages/washers-and-dryers/washing-machines/ww5000d-front-loading-smartthings-ai-energy-mode-a-10-percent-extra-energy-efficiency-ai-ecobubble-9kg-black-ww90dg5u34abfa/index.php,20,link,href,https://images.samsung.com,images.samsung.com,Samsung production (leaves local clone)
./pages/watches/all-watches/index.php,20,link,href,https://images.samsung.com,images.samsung.com,Samsung production (leaves local clone)
./pages/watches/galaxy-watch/galaxy-watch8-44mm-silver-bluetooth-sm-l330nzsamea/index.php,20,link,href,https://images.samsung.com,images.samsung.com,Samsung production (leaves local clone)
./previous-index.php,563,link,href,https://images.samsung.com,images.samsung.com,Samsung production (leaves local clone)
./pages/info/privacy/index.php,3649,a,href,https://mena.samsung.com/ae/opt-out_en,mena.samsung.com,Samsung production (leaves local clone)
./pages/innovation-campus/index.php,3440,a,href,https://mena.samsung.com/qa/Samsung_Innovation_campus,mena.samsung.com,Samsung production (leaves local clone)
./pages/innovation-campus/index.php,3476,a,href,https://mena.samsung.com/pk/Samsung_Innovation_campus,mena.samsung.com,Samsung production (leaves local clone)
./pages/innovation-campus/index.php,3477,a,href,https://mena.samsung.com/qa/Samsung_Innovation_campus,mena.samsung.com,Samsung production (leaves local clone)
./global/ir/index.html,6495,a,href,https://news.samsung.com/global/,news.samsung.com,Samsung production (leaves local clone)
./global/sustainability/index.html,913,a,href,https://news.samsung.com/global/samsung-electronics-releases-2025-sustainability-report,news.samsung.com,Samsung production (leaves local clone)
./global/sustainability/index.html,942,a,href,https://news.samsung.com/global/your-privacy-secured-how-galaxy-ai-protects-privacy-with-samsung-knox-vault,news.samsung.com,Samsung production (leaves local clone)
./global/sustainability/index.html,971,a,href,https://news.samsung.com/global/coral-in-focus-premieres-at-the-united-nations-ocean-conference-spotlighting-innovation-and-urgency-in-reef-restoration,news.samsung.com,Samsung production (leaves local clone)
./global/sustainability/index.html,988,a,href,https://news.samsung.com/global/samsung-electronics-maintains-no-1-position-in-european-microwave-market-for-10-consecutive-years,news.samsung.com,Samsung production (leaves local clone)
./global/sustainability/index.html,1005,a,href,https://news.samsung.com/global/samsung-electronics-earns-product-carbon-reduction-and-product-carbon-footprint-certifications-for-neo-qled-8k-and-neo-qled-for-fifth-consecutive-year,news.samsung.com,Samsung production (leaves local clone)
./global/sustainability/index.html,1034,a,href,https://news.samsung.com/global/samsung-expands-ai-for-all-vision-at-ces-2025-to-bring-ai-everyday-everywhere,news.samsung.com,Samsung production (leaves local clone)
./global/sustainability/index.html,1061,a,href,https://news.samsung.com/global/samsung-electronics-releases-2025-sustainability-report,news.samsung.com,Samsung production (leaves local clone)
./global/sustainability/index.html,1077,a,href,https://news.samsung.com/global/your-privacy-secured-how-galaxy-ai-protects-privacy-with-samsung-knox-vault,news.samsung.com,Samsung production (leaves local clone)
./global/sustainability/index.html,1093,a,href,https://news.samsung.com/global/coral-in-focus-premieres-at-the-united-nations-ocean-conference-spotlighting-innovation-and-urgency-in-reef-restoration,news.samsung.com,Samsung production (leaves local clone)
./global/sustainability/index.html,1109,a,href,https://news.samsung.com/global/samsung-electronics-maintains-no-1-position-in-european-microwave-market-for-10-consecutive-years,news.samsung.com,Samsung production (leaves local clone)
./global/sustainability/index.html,1125,a,href,https://news.samsung.com/global/samsung-electronics-earns-product-carbon-reduction-and-product-carbon-footprint-certifications-for-neo-qled-8k-and-neo-qled-for-fifth-consecutive-year,news.samsung.com,Samsung production (leaves local clone)
./global/sustainability/index.html,1141,a,href,https://news.samsung.com/global/samsung-expands-ai-for-all-vision-at-ces-2025-to-bring-ai-everyday-everywhere,news.samsung.com,Samsung production (leaves local clone)
./pages/air-conditioners/wall-mount/ar9500t-ar18asfzgwk2pm/index.php,9323,a,href,https://org.downloadcenter.samsung.com/downloadfile/ContentsFile.aspx?CDSite=UNI_PK&amp;OriginYN=N&amp;ModelType=N&amp;ModelName=AR18ASFZGWK2PM&amp;CttFileID=8056769&amp;CDCttType=UM&amp;VPath=UM%2F202104%2F20210405105348510%2FDB68-09958A_IB_AR9500T_AIRISE_WIND_PM_AR_WEB.pdf,org.downloadcenter.samsung.com,Samsung production (leaves local clone)
./pages/air-conditioners/wall-mount/ar9500t-ar18asfzgwk2pm/index.php,9352,a,href,https://org.downloadcenter.samsung.com/downloadfile/ContentsFile.aspx?CDSite=UNI_PK&amp;OriginYN=N&amp;ModelType=N&amp;ModelName=AR18ASFZGWK2PM&amp;CttFileID=8056768&amp;CDCttType=UM&amp;VPath=UM%2F202104%2F20210405105348510%2FDB68-09958A_IB_AR9500T_AIRISE_WIND_PM_EN_WEB.pdf,org.downloadcenter.samsung.com,Samsung production (leaves local clone)
./pages/air-conditioners/wall-mount/ar9500t-ar50f12c1uhnsa-non-windfree-ar50f18c1nh2pm/index.php,11382,a,href,https://org.downloadcenter.samsung.com/downloadfile/ContentsFile.aspx?CDSite=UNI_PK&amp;OriginYN=N&amp;ModelType=N&amp;ModelName=AR50F18C1NH2PM&amp;CttFileID=10441030&amp;CDCttType=UM&amp;VPath=UM%2F202505%2F20250523172946283%2FRAC213-00_IB_25Y_AR9500T_Wind_GEO_FE_EN-WEB_250428-D01.pdf,org.downloadcenter.samsung.com,Samsung production (leaves local clone)
./pages/audio-sound/galaxy-buds/galaxy-buds4-pro-black-sm-r640nzkamea/index.php,10597,a,href,https://org.downloadcenter.samsung.com/downloadfile/ContentsFile.aspx?CDSite=UNI_PK&amp;OriginYN=N&amp;ModelType=N&amp;ModelName=SM-R640&amp;CttFileID=11308233&amp;CDCttType=UM&amp;VPath=UM%2F202603%2F20260303085859635%2FHearable_Safety_information_Rev.1.3_240624.pdf,org.downloadcenter.samsung.com,Samsung production (leaves local clone)
./pages/audio-sound/galaxy-buds/galaxy-buds4-pro-black-sm-r640nzkamea/index.php,10626,a,href,https://org.downloadcenter.samsung.com/downloadfile/ContentsFile.aspx?CDSite=UNI_PK&amp;OriginYN=N&amp;ModelType=N&amp;ModelName=SM-R640&amp;CttFileID=11301628&amp;CDCttType=UM&amp;VPath=UM%2F202602%2F20260227135327512%2FSM-R540_R640_UG_MEA_Ara_Rev.1.0_260223.pdf,org.downloadcenter.samsung.com,Samsung production (leaves local clone)
./pages/audio-sound/galaxy-buds/galaxy-buds4-pro-black-sm-r640nzkamea/index.php,10655,a,href,https://org.downloadcenter.samsung.com/downloadfile/ContentsFile.aspx?CDSite=UNI_PK&amp;OriginYN=N&amp;ModelType=N&amp;ModelName=SM-R640&amp;CttFileID=11301597&amp;CDCttType=UM&amp;VPath=UM%2F202602%2F20260227135327512%2FSM-R540_R640_UG_EU_Eng_Rev.1.0_260128.pdf,org.downloadcenter.samsung.com,Samsung production (leaves local clone)
./pages/audio-sound/galaxy-buds/galaxy-buds4-pro-black-sm-r640nzkamea/index.php,10684,a,href,https://org.downloadcenter.samsung.com/downloadfile/ContentsFile.aspx?CDSite=UNI_PK&amp;OriginYN=N&amp;ModelType=N&amp;ModelName=SM-R640&amp;CttFileID=11301635&amp;CDCttType=UM&amp;VPath=UM%2F202602%2F20260227135327512%2FSM-R540_R640_UG_MEA_Urd_Rev.1.0_260223.pdf,org.downloadcenter.samsung.com,Samsung production (leaves local clone)
./pages/monitors/gaming/odyssey-g5-34-inch-165hz-curved-ultra-wqhd-lc34g55twwmxue/index.php,9001,a,href,https://org.downloadcenter.samsung.com/downloadfile/ContentsFile.aspx?CDSite=UNI_PK&amp;OriginYN=N&amp;ModelType=N&amp;ModelName=C34G55TWWM&amp;CttFileID=10040951&amp;CDCttType=UM&amp;VPath=UM%2F202501%2F20250118033752001%2FBN81-20148A-03_WEB_G55T_ASIA+MENA+AFRICA_L05_221130.0.zip,org.downloadcenter.samsung.com,Samsung production (leaves local clone)
./pages/monitors/gaming/odyssey-g5-34-inch-165hz-curved-ultra-wqhd-lc34g55twwmxue/index.php,9042,a,href,https://org.downloadcenter.samsung.com/downloadfile/ContentsFile.aspx?CDSite=UNI_PK&amp;OriginYN=N&amp;ModelType=N&amp;ModelName=C34G55TWWM&amp;CttFileID=9721241&amp;CDCttType=UM&amp;VPath=UM%2F202406%2F20240605034141001%2FBN81-20148A-03_WEB_G55T_ASIA+MENA+AFRICA_L05_221130.0.zip,org.downloadcenter.samsung.com,Samsung production (leaves local clone)
./pages/monitors/gaming/odyssey-g5-34-inch-165hz-curved-ultra-wqhd-lc34g55twwmxue/index.php,9083,a,href,https://org.downloadcenter.samsung.com/downloadfile/ContentsFile.aspx?CDSite=UNI_PK&amp;OriginYN=N&amp;ModelType=N&amp;ModelName=C34G55TWWM&amp;CttFileID=7976310&amp;CDCttType=EM&amp;VPath=EM%2F202102%2F20210219140440021%2F00_ERP_WEEE_EU_L25_210219.0.pdf,org.downloadcenter.samsung.com,Samsung production (leaves local clone)
./pages/monitors/gaming/odyssey-oled-g9-g93sc-49-inch-240hz-curved-dual-qhd-ls49cg934smxue/index.php,10465,a,href,https://org.downloadcenter.samsung.com/downloadfile/ContentsFile.aspx?CDSite=UNI_PK&amp;OriginYN=N&amp;ModelType=N&amp;ModelName=S49CG934SM&amp;CttFileID=10033977&amp;CDCttType=UM&amp;VPath=UM%2F202501%2F20250113033532001%2FBN81-24708D-01_WEB_G95NC+G93SC_ASIA+MENA+AFRICA_L05_231102.0.zip,org.downloadcenter.samsung.com,Samsung production (leaves local clone)
./pages/refrigerators/top-mount-freezer/rt7300d-smartthings-ai-energy-mode-top-mount-freezer-smartthings-ai-energy-mode-540l-black-rt53dg7b10b1fa/index.php,10332,a,href,https://org.downloadcenter.samsung.com/downloadfile/ContentsFile.aspx?CDSite=UNI_PK&amp;OriginYN=N&amp;ModelType=N&amp;ModelName=RT53DG7B10B1&amp;CttFileID=9925263&amp;CDCttType=UM&amp;VPath=UM%2F202410%2F20241028194159620%2FTMF_RT7300D_DA68-04823C-00_EN.pdf,org.downloadcenter.samsung.com,Samsung production (leaves local clone)
./pages/smartphones/galaxy-s/galaxy-s25-fe-navy-256gb-sm-s731bdbvpkd/index.php,10582,a,href,https://org.downloadcenter.samsung.com/downloadfile/ContentsFile.aspx?CDSite=UNI_PK&amp;OriginYN=N&amp;ModelType=N&amp;ModelName=SM-S731B%2FDS&amp;CttFileID=11309814&amp;CDCttType=UM&amp;VPath=UM%2F202603%2F20260304132923897%2FSafety_information_Rev.3.0.1_260219.pdf,org.downloadcenter.samsung.com,Samsung production (leaves local clone)
./pages/smartphones/galaxy-s/galaxy-s25-fe-navy-256gb-sm-s731bdbvpkd/index.php,10611,a,href,https://org.downloadcenter.samsung.com/downloadfile/ContentsFile.aspx?CDSite=UNI_PK&amp;OriginYN=N&amp;ModelType=N&amp;ModelName=SM-S731B%2FDS&amp;CttFileID=10843975&amp;CDCttType=UM&amp;VPath=UM%2F202509%2F20250905095511462%2FSM-S731B_DS_UG_EU_16_Eng_Rev.1.0_250819.pdf,org.downloadcenter.samsung.com,Samsung production (leaves local clone)
./pages/tvs/uhd-4k-tv/du7000-65-inch-crystal-uhd-4k-tizen-os-smart-tv-ua65du7000uswk/index.php,11563,a,href,https://org.downloadcenter.samsung.com/downloadfile/ContentsFile.aspx?CDSite=UNI_PK&amp;OriginYN=N&amp;ModelType=N&amp;ModelName=UA65DU7000U&amp;CttFileID=10287200&amp;CDCttType=UM&amp;VPath=UM%2F202504%2F20250420055353001%2FBN81-25561E-700_EUG_ROPDVBADD_ASIA_ENG_241127.0.pdf,org.downloadcenter.samsung.com,Samsung production (leaves local clone)
./pages/tvs/uhd-4k-tv/du7000-65-inch-crystal-uhd-4k-tizen-os-smart-tv-ua65du7000uswk/index.php,11592,a,href,https://org.downloadcenter.samsung.com/downloadfile/ContentsFile.aspx?CDSite=UNI_PK&amp;OriginYN=N&amp;ModelType=N&amp;ModelName=UA65DU7000U&amp;CttFileID=10284543&amp;CDCttType=UM&amp;VPath=UM%2F202504%2F20250420042723001%2FBN81-25561E-700_EUG_ROPDVBADD_ASIA_ARA_241127.0.pdf,org.downloadcenter.samsung.com,Samsung production (leaves local clone)
./pages/tvs/uhd-4k-tv/du7000-65-inch-crystal-uhd-4k-tizen-os-smart-tv-ua65du7000uswk/index.php,11633,a,href,https://org.downloadcenter.samsung.com/downloadfile/ContentsFile.aspx?CDSite=UNI_PK&amp;OriginYN=N&amp;ModelType=N&amp;ModelName=UA65DU7000U&amp;CttFileID=9894100&amp;CDCttType=EM&amp;VPath=EM%2F202409%2F20240928034626001%2FBN68-20032B-00_SUG_Y24+QLED+UHD+QD+LS03_MENA_L02_240826.0.pdf,org.downloadcenter.samsung.com,Samsung production (leaves local clone)
./pages/tvs/uhd-4k-tv/du7000-65-inch-crystal-uhd-4k-tizen-os-smart-tv-ua65du7000uswk/index.php,11662,a,href,https://org.downloadcenter.samsung.com/downloadfile/ContentsFile.aspx?CDSite=UNI_PK&amp;OriginYN=N&amp;ModelType=N&amp;ModelName=UA65DU7000U&amp;CttFileID=9726085&amp;CDCttType=EM&amp;VPath=EM%2F202406%2F20240607034219001%2FBN68-19257A-01_IG_DU7000+Flat+feet+43-70inch_WW_L10_240513.0.pdf,org.downloadcenter.samsung.com,Samsung production (leaves local clone)
./pages/washers-and-dryers/washing-machines/wa5000c-top-load-ecobubble-digital-inverter-technology-super-speed-15kg-dark-gray-wa15ck5745bdrt/index.php,8785,a,href,https://org.downloadcenter.samsung.com/downloadfile/ContentsFile.aspx?CDSite=UNI_PK&amp;OriginYN=N&amp;ModelType=N&amp;ModelName=WA15CK5745BDRT&amp;CttFileID=10563847&amp;CDCttType=UM&amp;VPath=UM%2F202506%2F20250618095828188%2FDC68-04440A-02_IB_WA5000C_BETTER_EN_250610.pdf,org.downloadcenter.samsung.com,Samsung production (leaves local clone)
./pages/washers-and-dryers/washing-machines/ww5000d-front-loading-smartthings-ai-energy-mode-a-10-percent-extra-energy-efficiency-ai-ecobubble-9kg-black-ww90dg5u34abfa/index.php,10013,a,href,https://org.downloadcenter.samsung.com/downloadfile/ContentsFile.aspx?CDSite=UNI_PK&amp;OriginYN=N&amp;ModelType=N&amp;ModelName=WW90DG5U34AB&amp;CttFileID=10595636&amp;CDCttType=UM&amp;VPath=UM%2F202506%2F20250626150126867%2FWW5000D_IB_D_Global-PJT_WASHER-MD_GU_GK_YL_EN_AR.pdf,org.downloadcenter.samsung.com,Samsung production (leaves local clone)
./pages/washers-and-dryers/washing-machines/ww5000d-front-loading-smartthings-ai-energy-mode-a-10-percent-extra-energy-efficiency-ai-ecobubble-9kg-black-ww90dg5u34abfa/index.php,10042,a,href,https://org.downloadcenter.samsung.com/downloadfile/ContentsFile.aspx?CDSite=UNI_PK&amp;OriginYN=N&amp;ModelType=N&amp;ModelName=WW90DG5U34AB&amp;CttFileID=10426603&amp;CDCttType=UM&amp;VPath=UM%2F202505%2F20250522105137051%2FWW5000D_IB_D_Global-PJT_WASHER-MD_EN.pdf,org.downloadcenter.samsung.com,Samsung production (leaves local clone)
./pages/watches/galaxy-watch/galaxy-watch8-44mm-silver-bluetooth-sm-l330nzsamea/index.php,12066,a,href,https://org.downloadcenter.samsung.com/downloadfile/ContentsFile.aspx?CDSite=UNI_PK&amp;OriginYN=N&amp;ModelType=N&amp;ModelName=SM-L330&amp;CttFileID=10808679&amp;CDCttType=UM&amp;VPath=UM%2F202508%2F20250820174502010%2FWearable_Safety_information_Rev.2.0_250820.pdf,org.downloadcenter.samsung.com,Samsung production (leaves local clone)
./pages/watches/galaxy-watch/galaxy-watch8-44mm-silver-bluetooth-sm-l330nzsamea/index.php,12095,a,href,https://org.downloadcenter.samsung.com/downloadfile/ContentsFile.aspx?CDSite=UNI_PK&amp;OriginYN=N&amp;ModelType=N&amp;ModelName=SM-L330&amp;CttFileID=10728464&amp;CDCttType=UM&amp;VPath=UM%2F202507%2F20250730155623720%2FSM-L32X_L33X_L50X_UG_MEA_Android_Urd_Rev.1.1_250728.pdf,org.downloadcenter.samsung.com,Samsung production (leaves local clone)
./pages/watches/galaxy-watch/galaxy-watch8-44mm-silver-bluetooth-sm-l330nzsamea/index.php,12124,a,href,https://org.downloadcenter.samsung.com/downloadfile/ContentsFile.aspx?CDSite=UNI_PK&amp;OriginYN=N&amp;ModelType=N&amp;ModelName=SM-L330&amp;CttFileID=10698392&amp;CDCttType=UM&amp;VPath=UM%2F202507%2F20250725161307340%2FSM-L32X_L33X_L50X_UG_MEA_Android_Ara_Rev.1.1_250724.pdf,org.downloadcenter.samsung.com,Samsung production (leaves local clone)
./pages/watches/galaxy-watch/galaxy-watch8-44mm-silver-bluetooth-sm-l330nzsamea/index.php,12153,a,href,https://org.downloadcenter.samsung.com/downloadfile/ContentsFile.aspx?CDSite=UNI_PK&amp;OriginYN=N&amp;ModelType=N&amp;ModelName=SM-L330&amp;CttFileID=10665155&amp;CDCttType=UM&amp;VPath=UM%2F202507%2F20250718174111308%2FSM-L32X_L33X_L50X_UG_EU_Android_Eng_Rev.1.1_250718.pdf,org.downloadcenter.samsung.com,Samsung production (leaves local clone)
./pages/tvs/vision-ai-tv/index.php,3462,a,href,https://p6-qa.samsung.com/global/hq/vd/tvs/8k-tv/highlights2/,p6-qa.samsung.com,Samsung production (leaves local clone)
./pages/tvs/vision-ai-tv/index.php,3474,a,href,https://p6-qa.samsung.com/global/hq/vd/tvs/oled-tv/highlights2/,p6-qa.samsung.com,Samsung production (leaves local clone)
./pages/tvs/vision-ai-tv/index.php,3486,a,href,https://p6-qa.samsung.com/global/hq/vd/tvs/qled-tv/highlights3/,p6-qa.samsung.com,Samsung production (leaves local clone)
./pages/explore/index.php,3195,a,href,https://r2.community.samsung.com/t5/Community/ct-p/pk-community,r2.community.samsung.com,Samsung production (leaves local clone)
./pages/explore/index.php,3360,a,href,https://r2.community.samsung.com/t5/Community/ct-p/pk-community,r2.community.samsung.com,Samsung production (leaves local clone)
./pages/support/contact/index.php,3445,a,href,https://r2.community.samsung.com/t5/Community/ct-p/pk-community?page=1&amp;tab=recent_topics,r2.community.samsung.com,Samsung production (leaves local clone)
./pages/info/privacy/index.php,3652,a,href,https://samsung.menaprivacy.com/,samsung.menaprivacy.com,Samsung production (leaves local clone)
./pages/support/index.php,4499,a,href,https://samsung.vikarius.ai/simulator/asia/en/smart-tv/pk/,samsung.vikarius.ai,Samsung production (leaves local clone)
./global/sustainability/index.html,1341,a,href,https://semiconductor.samsung.com/,semiconductor.samsung.com,Samsung production (leaves local clone)
./pages/apps/samsung-health/index.php,3735,a,href,https://shealth.samsung.com/deepLink?sc_id=tracker.sleep&amp;action=view&amp;destination=track&amp;src=Scom,shealth.samsung.com,Samsung production (leaves local clone)
./pages/apps/samsung-health/index.php,4185,a,href,https://shealth.samsung.com/deepLink?action=view&amp;sc_id=tracker.exercise&amp;destination=periodization_training&amp;target=select_about_or_detail&amp;v_s=6.30,shealth.samsung.com,Samsung production (leaves local clone)
./pages/apps/samsung-health/index.php,4636,a,href,https://shealth.samsung.com/deepLink?sc_id=mood&amp;action=view&amp;destination=main&amp;src=Scom,shealth.samsung.com,Samsung production (leaves local clone)
./pages/apps/samsung-health/index.php,4934,a,href,https://shealth.samsung.com/deepLink?sc_id=tracker.antioxidant&amp;action=view&amp;destination=main,shealth.samsung.com,Samsung production (leaves local clone)
./pages/air-conditioners/all-air-conditioners/index.php,4904,a,href,https://stg-images.samsung.com/is/content/samsung/assets/pk/E-Store-Installation-Campaign-TnCs.pdf,stg-images.samsung.com,Samsung production (leaves local clone)
./pages/air-conditioners/wall-mount/ar9500t-ar18asfzgwk2pm/index.php,9544,a,href,https://stg-images.samsung.com/is/content/samsung/assets/pk/E-Store-Installation-Campaign-TnCs.pdf,stg-images.samsung.com,Samsung production (leaves local clone)
./pages/air-conditioners/wall-mount/ar9500t-ar50f12c1uhnsa-non-windfree-ar50f18c1nh2pm/index.php,11574,a,href,https://stg-images.samsung.com/is/content/samsung/assets/pk/E-Store-Installation-Campaign-TnCs.pdf,stg-images.samsung.com,Samsung production (leaves local clone)
./pages/lifestyle-tvs/all-lifestyle-tvs/index.php,4926,a,href,https://stg-images.samsung.com/is/content/samsung/assets/pk/E-Store-Installation-Campaign-TnCs.pdf,stg-images.samsung.com,Samsung production (leaves local clone)
./pages/lifestyle-tvs/the-frame/ls03f-65-inch-art-store-black-qa65ls03fausmm/index.php,12302,a,href,https://stg-images.samsung.com/is/content/samsung/assets/pk/E-Store-Installation-Campaign-TnCs.pdf,stg-images.samsung.com,Samsung production (leaves local clone)
./pages/monitors/all-monitors/index.php,6444,a,href,https://stg-images.samsung.com/is/content/samsung/assets/pk/E-Store-Installation-Campaign-TnCs.pdf,stg-images.samsung.com,Samsung production (leaves local clone)
./pages/monitors/full-hd-1080p/index.php,4542,a,href,https://stg-images.samsung.com/is/content/samsung/assets/pk/E-Store-Installation-Campaign-TnCs.pdf,stg-images.samsung.com,Samsung production (leaves local clone)
./pages/monitors/gaming/index.php,5810,a,href,https://stg-images.samsung.com/is/content/samsung/assets/pk/E-Store-Installation-Campaign-TnCs.pdf,stg-images.samsung.com,Samsung production (leaves local clone)
./pages/monitors/gaming/odyssey-g5-34-inch-165hz-curved-ultra-wqhd-lc34g55twwmxue/index.php,9251,a,href,https://stg-images.samsung.com/is/content/samsung/assets/pk/E-Store-Installation-Campaign-TnCs.pdf,stg-images.samsung.com,Samsung production (leaves local clone)
./pages/monitors/gaming/odyssey-oled-g9-g93sc-49-inch-240hz-curved-dual-qhd-ls49cg934smxue/index.php,10633,a,href,https://stg-images.samsung.com/is/content/samsung/assets/pk/E-Store-Installation-Campaign-TnCs.pdf,stg-images.samsung.com,Samsung production (leaves local clone)
./pages/monitors/high-resolution/index.php,4905,a,href,https://stg-images.samsung.com/is/content/samsung/assets/pk/E-Store-Installation-Campaign-TnCs.pdf,stg-images.samsung.com,Samsung production (leaves local clone)
./pages/monitors/smart/index.php,6312,a,href,https://stg-images.samsung.com/is/content/samsung/assets/pk/E-Store-Installation-Campaign-TnCs.pdf,stg-images.samsung.com,Samsung production (leaves local clone)
./pages/projectors/all-projectors/index.php,4674,a,href,https://stg-images.samsung.com/is/content/samsung/assets/pk/E-Store-Installation-Campaign-TnCs.pdf,stg-images.samsung.com,Samsung production (leaves local clone)
./pages/refrigerators/all-refrigerators/index.php,6549,a,href,https://stg-images.samsung.com/is/content/samsung/assets/pk/E-Store-Installation-Campaign-TnCs.pdf,stg-images.samsung.com,Samsung production (leaves local clone)
./pages/refrigerators/side-by-side/refrigerator-sbs-rs90f-basic-655l-black-doi-rs70f65qeftr/index.php,10400,a,href,https://stg-images.samsung.com/is/content/samsung/assets/pk/E-Store-Installation-Campaign-TnCs.pdf,stg-images.samsung.com,Samsung production (leaves local clone)
./pages/refrigerators/top-mount-freezer/rt7300d-smartthings-ai-energy-mode-top-mount-freezer-smartthings-ai-energy-mode-540l-black-rt53dg7b10b1fa/index.php,10500,a,href,https://stg-images.samsung.com/is/content/samsung/assets/pk/E-Store-Installation-Campaign-TnCs.pdf,stg-images.samsung.com,Samsung production (leaves local clone)
./pages/support/repair-price/index.php,9593,a,href,https://stg-images.samsung.com/is/content/samsung/assets/ae/SGE_7_August_2024_Job_Card_Terms_and_Conditions_English_and_Arabic_Final_HS.pdf,stg-images.samsung.com,Samsung production (leaves local clone)
./pages/tvs/all-tvs/index.php,6961,a,href,https://stg-images.samsung.com/is/content/samsung/assets/pk/E-Store-Installation-Campaign-TnCs.pdf,stg-images.samsung.com,Samsung production (leaves local clone)
./pages/tvs/neo-qled-tvs/index.php,6427,a,href,https://stg-images.samsung.com/is/content/samsung/assets/pk/E-Store-Installation-Campaign-TnCs.pdf,stg-images.samsung.com,Samsung production (leaves local clone)
./pages/tvs/oled-tv/index.php,5522,a,href,https://stg-images.samsung.com/is/content/samsung/assets/pk/E-Store-Installation-Campaign-TnCs.pdf,stg-images.samsung.com,Samsung production (leaves local clone)
./pages/tvs/qled-tv/index.php,6808,a,href,https://stg-images.samsung.com/is/content/samsung/assets/pk/E-Store-Installation-Campaign-TnCs.pdf,stg-images.samsung.com,Samsung production (leaves local clone)
./pages/tvs/qled-tv/q7f-55-inch-qled-4k-smart-tv-qa55q7faausmm/index.php,14571,a,href,https://stg-images.samsung.com/is/content/samsung/assets/pk/E-Store-Installation-Campaign-TnCs.pdf,stg-images.samsung.com,Samsung production (leaves local clone)
./pages/tvs/uhd-4k-tv/du7000-65-inch-crystal-uhd-4k-tizen-os-smart-tv-ua65du7000uswk/index.php,11830,a,href,https://stg-images.samsung.com/is/content/samsung/assets/pk/E-Store-Installation-Campaign-TnCs.pdf,stg-images.samsung.com,Samsung production (leaves local clone)
./pages/washers-and-dryers/all-washers-and-dryers/index.php,6947,a,href,https://stg-images.samsung.com/is/content/samsung/assets/pk/E-Store-Installation-Campaign-TnCs.pdf,stg-images.samsung.com,Samsung production (leaves local clone)
./pages/washers-and-dryers/washing-machines/wa5000c-top-load-ecobubble-digital-inverter-technology-super-speed-15kg-dark-gray-wa15ck5745bdrt/index.php,8977,a,href,https://stg-images.samsung.com/is/content/samsung/assets/pk/E-Store-Installation-Campaign-TnCs.pdf,stg-images.samsung.com,Samsung production (leaves local clone)
./pages/washers-and-dryers/washing-machines/ww5000d-front-loading-smartthings-ai-energy-mode-a-10-percent-extra-energy-efficiency-ai-ecobubble-9kg-black-ww90dg5u34abfa/index.php,10256,a,href,https://stg-images.samsung.com/is/content/samsung/assets/pk/E-Store-Installation-Campaign-TnCs.pdf,stg-images.samsung.com,Samsung production (leaves local clone)
./global/ir/index.html,55,link,href,https://www.samsung.com/global/ir/,www.samsung.com,Samsung production (leaves local clone)
./global/ir/index.html,1562,a,href,https://www.samsung.com/,www.samsung.com,Samsung production (leaves local clone)
./global/ir/index.html,1575,a,href,https://www.samsung.com/global/ir/,www.samsung.com,Samsung production (leaves local clone)
./global/ir/index.html,1600,a,href,https://www.samsung.com/us/about-us/leadership-and-mission/,www.samsung.com,Samsung production (leaves local clone)
./global/ir/index.html,1605,a,href,https://www.samsung.com/global/ir/ir-resources/our-business/,www.samsung.com,Samsung production (leaves local clone)
./global/ir/index.html,1606,a,href,https://www.samsung.com/global/ir/ir-resources/faq/,www.samsung.com,Samsung production (leaves local clone)
./global/ir/index.html,1625,a,href,https://www.samsung.com/global/ir/financial-information/financial-valuation-snapshot/,www.samsung.com,Samsung production (leaves local clone)
./global/ir/index.html,1627,a,href,https://www.samsung.com/global/ir/reports-disclosures/public-disclosure/,www.samsung.com,Samsung production (leaves local clone)
./global/ir/index.html,1629,a,href,https://www.samsung.com/global/ir/reports-disclosures/business-report/,www.samsung.com,Samsung production (leaves local clone)
./global/ir/index.html,1631,a,href,https://www.samsung.com/global/ir/financial-information/audited-financial-statements/,www.samsung.com,Samsung production (leaves local clone)
./global/ir/index.html,1633,a,href,https://www.samsung.com/global/ir/reports-disclosures/sustainability-reports/,www.samsung.com,Samsung production (leaves local clone)
./global/ir/index.html,1636,a,href,https://www.samsung.com/global/ir/reports-disclosures/corporate-governance-report/,www.samsung.com,Samsung production (leaves local clone)
./global/ir/index.html,1640,a,href,https://www.samsung.com/global/ir/reports-disclosures/notices/,www.samsung.com,Samsung production (leaves local clone)
./global/ir/index.html,1659,a,href,https://www.samsung.com/global/ir/stock-information/stock-chart/,www.samsung.com,Samsung production (leaves local clone)
./global/ir/index.html,1661,a,href,https://www.samsung.com/global/ir/stock-information/shareholder-return/,www.samsung.com,Samsung production (leaves local clone)
./global/ir/index.html,1663,a,href,https://www.samsung.com/global/ir/stock-information/listing-Info/,www.samsung.com,Samsung production (leaves local clone)
./global/ir/index.html,1665,a,href,https://www.samsung.com/global/ir/stock-information/ownership-structure/,www.samsung.com,Samsung production (leaves local clone)
./global/ir/index.html,1667,a,href,https://www.samsung.com/global/ir/stock-information/how-to-buy-sec-stocks/,www.samsung.com,Samsung production (leaves local clone)
./global/ir/index.html,1686,a,href,https://www.samsung.com/global/ir/financial-information/earnings-release/,www.samsung.com,Samsung production (leaves local clone)
./global/ir/index.html,1688,a,href,https://www.samsung.com/global/ir/ir-events-presentations/events/,www.samsung.com,Samsung production (leaves local clone)
./global/ir/index.html,1690,a,href,https://www.samsung.com/global/ir/ir-events-presentations/business-introduction/,www.samsung.com,Samsung production (leaves local clone)
./global/ir/index.html,1710,a,href,https://www.samsung.com/global/ir/governance-csr/lettertoshareholders/,www.samsung.com,Samsung production (leaves local clone)
./global/ir/index.html,1713,a,href,https://www.samsung.com/global/ir/governance-csr/general-meeting-of-shareholders/,www.samsung.com,Samsung production (leaves local clone)
./global/ir/index.html,1729,a,href,https://www.samsung.com/global/ir/governance-csr/board-of-directors/,www.samsung.com,Samsung production (leaves local clone)
./global/ir/index.html,1731,a,href,https://www.samsung.com/global/ir/governance-csr/board-committee/,www.samsung.com,Samsung production (leaves local clone)
./global/ir/index.html,1734,a,href,https://www.samsung.com/global/ir/governance-csr/global-code-of-conduct/,www.samsung.com,Samsung production (leaves local clone)
./global/ir/index.html,1744,a,href,https://www.samsung.com/global/sustainability/main/,www.samsung.com,Samsung production (leaves local clone)
./global/ir/index.html,1763,a,href,https://www.samsung.com/global/ir/ir-resources/contact/,www.samsung.com,Samsung production (leaves local clone)
./global/ir/index.html,1765,a,href,https://www.samsung.com/global/ir/ir-resources/legal-disclaimer/,www.samsung.com,Samsung production (leaves local clone)
./global/ir/index.html,5784,a,href,https://www.samsung.com/global/ir/reports-disclosures/notices/,www.samsung.com,Samsung production (leaves local clone)
./global/ir/index.html,5819,a,href,https://www.samsung.com/global/ir/governance-csr/general-meeting-of-shareholders/,www.samsung.com,Samsung production (leaves local clone)
./global/ir/index.html,5850,a,href,https://www.samsung.com/global/ir/reports-disclosures/notices/,www.samsung.com,Samsung production (leaves local clone)
./global/ir/index.html,5892,a,href,https://www.samsung.com/global/ir/reports-disclosures/notices/,www.samsung.com,Samsung production (leaves local clone)
./global/ir/index.html,6187,a,href,https://www.samsung.com/global/ir/financial-information/earnings-release/,www.samsung.com,Samsung production (leaves local clone)
./global/ir/index.html,6223,a,href,https://www.samsung.com/global/ir/financial-information/financial-valuation-snapshot/,www.samsung.com,Samsung production (leaves local clone)
./global/ir/index.html,6229,a,href,https://www.samsung.com/global/ir/financial-information/earnings-release/#previous-results,www.samsung.com,Samsung production (leaves local clone)
./global/ir/index.html,6237,a,href,https://www.samsung.com/global/ir/financial-information/earnings-release/,www.samsung.com,Samsung production (leaves local clone)
./global/ir/index.html,6250,a,href,https://www.samsung.com/global/ir/ir-events-presentations/events/,www.samsung.com,Samsung production (leaves local clone)
./global/ir/index.html,6316,a,href,https://www.samsung.com/global/ir/ir-events-presentations/events/,www.samsung.com,Samsung production (leaves local clone)
./global/ir/index.html,6329,a,href,https://www.samsung.com/global/ir/financial-information/audited-financial-statements/,www.samsung.com,Samsung production (leaves local clone)
./global/ir/index.html,6463,a,href,https://www.samsung.com/global/ir/financial-information/audited-financial-statements/,www.samsung.com,Samsung production (leaves local clone)
./global/ir/index.html,6473,a,href,https://www.samsung.com/us/about-us/leadership-and-mission/,www.samsung.com,Samsung production (leaves local clone)
./global/ir/index.html,6484,a,href,https://www.samsung.com/global/sustainability/main/,www.samsung.com,Samsung production (leaves local clone)
./global/ir/index.html,6511,a,href,https://www.samsung.com/global/ir/ir-resources/contact/,www.samsung.com,Samsung production (leaves local clone)
./global/ir/index.html,6521,a,href,https://www.samsung.com/global/ir/ir-resources/faq/,www.samsung.com,Samsung production (leaves local clone)
./global/ir/index.html,6524,a,href,https://www.samsung.com/global/ir/ir-resources/faq/,www.samsung.com,Samsung production (leaves local clone)
./global/ir/index.html,6527,a,href,https://www.samsung.com/global/ir/ir-resources/faq/#shares,www.samsung.com,Samsung production (leaves local clone)
./global/ir/index.html,6529,a,href,https://www.samsung.com/global/ir/ir-resources/faq/#financial,www.samsung.com,Samsung production (leaves local clone)
./global/ir/index.html,6931,a,href,https://www.samsung.com/us/about-us/leadership-and-mission/,www.samsung.com,Samsung production (leaves local clone)
./global/ir/index.html,6937,a,href,https://www.samsung.com/us/about-us/leadership-and-mission/,www.samsung.com,Samsung production (leaves local clone)
./global/ir/index.html,6942,a,href,https://www.samsung.com/global/ir/ir-resources/our-business/,www.samsung.com,Samsung production (leaves local clone)
./global/ir/index.html,6943,a,href,https://www.samsung.com/global/ir/ir-resources/faq/,www.samsung.com,Samsung production (leaves local clone)
./global/ir/index.html,6957,a,href,https://www.samsung.com/global/ir/financial-information/financial-valuation-snapshot/,www.samsung.com,Samsung production (leaves local clone)
./global/ir/index.html,6958,a,href,https://www.samsung.com/global/ir/reports-disclosures/public-disclosure/,www.samsung.com,Samsung production (leaves local clone)
./global/ir/index.html,6959,a,href,https://www.samsung.com/global/ir/reports-disclosures/business-report/,www.samsung.com,Samsung production (leaves local clone)
./global/ir/index.html,6960,a,href,https://www.samsung.com/global/ir/financial-information/audited-financial-statements/,www.samsung.com,Samsung production (leaves local clone)
./global/ir/index.html,6961,a,href,https://www.samsung.com/global/ir/reports-disclosures/sustainability-reports/,www.samsung.com,Samsung production (leaves local clone)
./global/ir/index.html,6963,a,href,https://www.samsung.com/global/ir/reports-disclosures/corporate-governance-report/,www.samsung.com,Samsung production (leaves local clone)
./global/ir/index.html,6965,a,href,https://www.samsung.com/global/ir/reports-disclosures/notices/,www.samsung.com,Samsung production (leaves local clone)
./global/ir/index.html,6979,a,href,https://www.samsung.com/global/ir/stock-information/stock-chart/,www.samsung.com,Samsung production (leaves local clone)
./global/ir/index.html,6980,a,href,https://www.samsung.com/global/ir/stock-information/shareholder-return/,www.samsung.com,Samsung production (leaves local clone)
./global/ir/index.html,6981,a,href,https://www.samsung.com/global/ir/stock-information/listing-Info/,www.samsung.com,Samsung production (leaves local clone)
./global/ir/index.html,6982,a,href,https://www.samsung.com/global/ir/stock-information/ownership-structure/,www.samsung.com,Samsung production (leaves local clone)
./global/ir/index.html,6983,a,href,https://www.samsung.com/global/ir/stock-information/how-to-buy-sec-stocks/,www.samsung.com,Samsung production (leaves local clone)
./global/ir/index.html,6997,a,href,https://www.samsung.com/global/ir/financial-information/earnings-release/,www.samsung.com,Samsung production (leaves local clone)
./global/ir/index.html,6998,a,href,https://www.samsung.com/global/ir/ir-events-presentations/events/,www.samsung.com,Samsung production (leaves local clone)
./global/ir/index.html,6999,a,href,https://www.samsung.com/global/ir/ir-events-presentations/business-introduction/,www.samsung.com,Samsung production (leaves local clone)
./global/ir/index.html,7014,a,href,https://www.samsung.com/global/ir/governance-csr/lettertoshareholders/,www.samsung.com,Samsung production (leaves local clone)
./global/ir/index.html,7016,a,href,https://www.samsung.com/global/ir/governance-csr/general-meeting-of-shareholders/,www.samsung.com,Samsung production (leaves local clone)
./global/ir/index.html,7031,a,href,https://www.samsung.com/global/ir/governance-csr/board-of-directors/,www.samsung.com,Samsung production (leaves local clone)
./global/ir/index.html,7032,a,href,https://www.samsung.com/global/ir/governance-csr/board-committee/,www.samsung.com,Samsung production (leaves local clone)
./global/ir/index.html,7034,a,href,https://www.samsung.com/global/ir/governance-csr/global-code-of-conduct/,www.samsung.com,Samsung production (leaves local clone)
./global/ir/index.html,7049,a,href,https://www.samsung.com/global/ir/ir-resources/contact/,www.samsung.com,Samsung production (leaves local clone)
./global/ir/index.html,7050,a,href,https://www.samsung.com/global/ir/ir-resources/legal-disclaimer/,www.samsung.com,Samsung production (leaves local clone)
./global/ir/index.html,7106,a,href,https://www.samsung.com/sec/ir/main/,www.samsung.com,Samsung production (leaves local clone)
./global/ir/index.html,7114,a,href,https://www.samsung.com/global/ir/,www.samsung.com,Samsung production (leaves local clone)
./global/sustainability/index.html,1338,a,href,https://www.samsung.com/,www.samsung.com,Samsung production (leaves local clone)
./pages/air-conditioners/wall-mount/ar9500t-ar18asfzgwk2pm/index.php,10685,a,href,https://www.samsung.com/pt/campanha-retomas/,www.samsung.com,Samsung production (leaves local clone)
./pages/air-conditioners/wall-mount/ar9500t-ar50f12c1uhnsa-non-windfree-ar50f18c1nh2pm/index.php,12706,a,href,https://www.samsung.com/pt/campanha-retomas/,www.samsung.com,Samsung production (leaves local clone)
./pages/audio-sound/galaxy-buds/galaxy-buds4-pro-black-sm-r640nzkamea/index.php,12058,a,href,https://www.samsung.com/pt/campanha-retomas/,www.samsung.com,Samsung production (leaves local clone)
./pages/business/index.php,5805,a,href,https://www.samsung.com/semiconductor/,www.samsung.com,Samsung production (leaves local clone)
./pages/dishwashers/built-in/dw7700b-dw60dg790i00-energy-efficiency-waterjet-clean-14-place-settings-silver-dw60dg790fslgu/index.php,11008,a,href,https://www.samsung.com/pt/campanha-retomas/,www.samsung.com,Samsung production (leaves local clone)
./pages/info/privacy/index.php,3618,a,href,https://www.samsung.com/,www.samsung.com,Samsung production (leaves local clone)
./pages/info/privacy/index.php,3652,a,href,https://www.samsung.com/request-desk/,www.samsung.com,Samsung production (leaves local clone)
./pages/lifestyle-tvs/the-frame/ls03f-65-inch-art-store-black-qa65ls03fausmm/index.php,13428,a,href,https://www.samsung.com/pt/campanha-retomas/,www.samsung.com,Samsung production (leaves local clone)
./pages/monitors/gaming/odyssey-g5-34-inch-165hz-curved-ultra-wqhd-lc34g55twwmxue/index.php,10374,a,href,https://www.samsung.com/pt/campanha-retomas/,www.samsung.com,Samsung production (leaves local clone)
./pages/monitors/gaming/odyssey-oled-g9-g93sc-49-inch-240hz-curved-dual-qhd-ls49cg934smxue/index.php,11750,a,href,https://www.samsung.com/pt/campanha-retomas/,www.samsung.com,Samsung production (leaves local clone)
./pages/monitors/odyssey-gaming-monitor/index.php,5870,a,href,https://www.samsung.com/,www.samsung.com,Samsung production (leaves local clone)
./pages/refrigerators/side-by-side/refrigerator-sbs-rs90f-basic-655l-black-doi-rs70f65qeftr/index.php,11541,a,href,https://www.samsung.com/pt/campanha-retomas/,www.samsung.com,Samsung production (leaves local clone)
./pages/refrigerators/top-mount-freezer/rt7300d-smartthings-ai-energy-mode-top-mount-freezer-smartthings-ai-energy-mode-540l-black-rt53dg7b10b1fa/index.php,11632,a,href,https://www.samsung.com/pt/campanha-retomas/,www.samsung.com,Samsung production (leaves local clone)
./pages/smartphones/galaxy-s/galaxy-s25-fe-navy-256gb-sm-s731bdbvpkd/index.php,9630,a,href,https://www.samsung.com/sar/sarMain?site_cd=pk&amp;prd_mdl_name=SM-S731B/DS,www.samsung.com,Samsung production (leaves local clone)
./pages/support/repair-price/index.php,3141,link,href,https://www.samsung.com/ae/support/repair-prices/,www.samsung.com,Samsung production (leaves local clone)
./pages/support/repair-price/index.php,4252,link,href,https://www.samsung.com/ae/repair-cost/,www.samsung.com,Samsung production (leaves local clone)
./pages/support/repair-price/index.php,6197,a,href,https://www.samsung.com/levant/support/service-center/,www.samsung.com,Samsung production (leaves local clone)
./pages/support/repair-price/index.php,9525,a,href,https://www.samsung.com/ae/sign-language/,www.samsung.com,Samsung production (leaves local clone)
./pages/support/repair-price/index.php,9561,a,href,https://www.samsung.com/ae/find-fake/,www.samsung.com,Samsung production (leaves local clone)
./pages/sustainability/environment/index.php,4315,a,href,https://www.samsung.com/us/explore/sustainability/responsible-recycling/,www.samsung.com,Samsung production (leaves local clone)
./pages/sustainability/environment/index.php,4315,a,href,https://www.samsung.com/us/aboutsamsung/sustainability/environment/responsible-recycling/programs/,www.samsung.com,Samsung production (leaves local clone)
./pages/sustainability/environment/index.php,4315,a,href,https://www.samsung.com/us/support/sustainability/,www.samsung.com,Samsung production (leaves local clone)
./pages/sustainability/environment/index.php,4393,a,href,https://www.samsung.com/ar/support/eco-conscious-service/,www.samsung.com,Samsung production (leaves local clone)
./pages/sustainability/environment/index.php,4393,a,href,https://www.samsung.com/ar/campaign/plan-canje/,www.samsung.com,Samsung production (leaves local clone)
./pages/sustainability/environment/index.php,4472,a,href,https://www.samsung.com/br/support/programa-reciclagem/,www.samsung.com,Samsung production (leaves local clone)
./pages/sustainability/environment/index.php,4503,a,href,https://www.samsung.com/cl/trade-in/,www.samsung.com,Samsung production (leaves local clone)
./pages/sustainability/environment/index.php,4630,a,href,https://www.samsung.com/latin/support/eco-conscious-service/samsung-recycle/,www.samsung.com,Samsung production (leaves local clone)
./pages/sustainability/environment/index.php,4661,a,href,https://www.samsung.com/latin/offer/sv-tradein-eco/,www.samsung.com,Samsung production (leaves local clone)
./pages/sustainability/environment/index.php,4661,a,href,https://www.samsung.com/latin/support/eco-conscious-service/samsung-recycle/,www.samsung.com,Samsung production (leaves local clone)
./pages/sustainability/environment/index.php,4709,a,href,https://www.samsung.com/latin/offer/tradein-eco/,www.samsung.com,Samsung production (leaves local clone)
./pages/sustainability/environment/index.php,4709,a,href,https://www.samsung.com/latin/support/eco-conscious-service/samsung-recycle/,www.samsung.com,Samsung production (leaves local clone)
./pages/sustainability/environment/index.php,4740,a,href,https://www.samsung.com/mx/trade-up/,www.samsung.com,Samsung production (leaves local clone)
./pages/sustainability/environment/index.php,4740,a,href,https://www.samsung.com/mx/support/eco-conscious-service/,www.samsung.com,Samsung production (leaves local clone)
./pages/sustainability/environment/index.php,4788,a,href,https://www.samsung.com/latin/microsite/eco-canje/,www.samsung.com,Samsung production (leaves local clone)
./pages/sustainability/environment/index.php,4788,a,href,https://www.samsung.com/latin/support/eco-conscious-service/samsung-recycle/,www.samsung.com,Samsung production (leaves local clone)
./pages/sustainability/environment/index.php,4867,a,href,https://www.samsung.com/latin/support/eco-conscious-service/samsung-recycle/,www.samsung.com,Samsung production (leaves local clone)
./pages/sustainability/environment/index.php,5165,a,href,https://www.samsung.com/in/microsite/care-for-clean-india/,www.samsung.com,Samsung production (leaves local clone)
./pages/sustainability/environment/index.php,5213,a,href,https://www.samsung.com/id/offer/smart-exchange/,www.samsung.com,Samsung production (leaves local clone)
./pages/sustainability/environment/index.php,5213,a,href,https://www.samsung.com/id/support/trade-in/,www.samsung.com,Samsung production (leaves local clone)
./pages/sustainability/environment/index.php,5292,a,href,https://www.samsung.com/my/sustainability/environment/,www.samsung.com,Samsung production (leaves local clone)
./pages/sustainability/environment/index.php,5371,a,href,https://www.samsung.com/nz/galaxytradein/,www.samsung.com,Samsung production (leaves local clone)
./pages/sustainability/environment/index.php,5371,a,href,https://www.samsung.com/nz/sustainability/environment/?srsltid=AfmBOooKY_wKGPzkTjTPBcA2jbcdk3NrAJX4v_TXyjhNNozXRTJ9BaEm,www.samsung.com,Samsung production (leaves local clone)
./pages/sustainability/environment/index.php,5402,a,href,https://www.samsung.com/ph/trade-in/,www.samsung.com,Samsung production (leaves local clone)
./pages/sustainability/environment/index.php,5402,a,href,https://www.samsung.com/ph/offer/trade-up/,www.samsung.com,Samsung production (leaves local clone)
./pages/sustainability/environment/index.php,5608,a,href,https://www.samsung.com/th/ce-tradein/,www.samsung.com,Samsung production (leaves local clone)
./pages/sustainability/environment/index.php,5639,a,href,https://www.samsung.com/vn/support/center/supportServiceCenter/,www.samsung.com,Samsung production (leaves local clone)
./pages/sustainability/environment/index.php,7230,a,href,https://www.samsung.com/uk/recycling-services/,www.samsung.com,Samsung production (leaves local clone)
./pages/sustainability/environment/index.php,7308,a,href,https://www.samsung.com/eg/,www.samsung.com,Samsung production (leaves local clone)
./pages/sustainability/environment/index.php,7339,a,href,https://www.samsung.com/iq_ar/support/,www.samsung.com,Samsung production (leaves local clone)
./pages/sustainability/environment/index.php,7418,a,href,https://www.samsung.com/levant/support/,www.samsung.com,Samsung production (leaves local clone)
./pages/sustainability/environment/index.php,7418,a,href,https://www.samsung.com/levant/offer/trade-up/,www.samsung.com,Samsung production (leaves local clone)
./pages/sustainability/environment/index.php,7624,a,href,https://www.samsung.com/sa/sustainability/environment/,www.samsung.com,Samsung production (leaves local clone)
./pages/sustainability/environment/index.php,7624,a,href,https://www.samsung.com/sa_en/sustainability/environment/,www.samsung.com,Samsung production (leaves local clone)
./pages/sustainability/environment/index.php,7734,a,href,https://www.samsung.com/tr/offer/mobile-trade-in/,www.samsung.com,Samsung production (leaves local clone)
./pages/sustainability/environment/index.php,7734,a,href,https://www.samsung.com/tr/support/recycling-program/,www.samsung.com,Samsung production (leaves local clone)
./pages/sustainability/environment/index.php,7782,a,href,https://www.samsung.com/ae/offer/home-appliances-trade-in/,www.samsung.com,Samsung production (leaves local clone)
./pages/sustainability/environment/index.php,7922,a,href,https://www.samsung.com/ru/support/ecobox/,www.samsung.com,Samsung production (leaves local clone)
./pages/tablets/galaxy-tab-s/galaxy-tab-s9-fe-5g-gray-128gb-sm-x516bzaamea/index.php,6852,a,href,https://www.samsung.com/sar/sarMain?site_cd=pk&amp;prd_mdl_name=SM-X516B,www.samsung.com,Samsung production (leaves local clone)
./pages/tvs/qled-tv/q7f-55-inch-qled-4k-smart-tv-qa55q7faausmm/index.php,15697,a,href,https://www.samsung.com/pt/campanha-retomas/,www.samsung.com,Samsung production (leaves local clone)
./pages/tvs/uhd-4k-tv/du7000-65-inch-crystal-uhd-4k-tizen-os-smart-tv-ua65du7000uswk/index.php,12956,a,href,https://www.samsung.com/pt/campanha-retomas/,www.samsung.com,Samsung production (leaves local clone)
./pages/tvs/vision-ai-tv/index.php,4161,a,href,https://www.samsung.com/uk/tvs/8k-tv/highlights/,www.samsung.com,Samsung production (leaves local clone)
./pages/tvs/vision-ai-tv/index.php,4184,a,href,https://www.samsung.com/uk/tvs/oled-tv/highlights/,www.samsung.com,Samsung production (leaves local clone)
./pages/tvs/vision-ai-tv/index.php,4230,a,href,https://www.samsung.com/uk/lifestyle-tvs/the-frame/highlights/,www.samsung.com,Samsung production (leaves local clone)
./pages/washers-and-dryers/washing-machines/wa5000c-top-load-ecobubble-digital-inverter-technology-super-speed-15kg-dark-gray-wa15ck5745bdrt/index.php,10118,a,href,https://www.samsung.com/pt/campanha-retomas/,www.samsung.com,Samsung production (leaves local clone)
./pages/washers-and-dryers/washing-machines/ww5000d-front-loading-smartthings-ai-energy-mode-a-10-percent-extra-energy-efficiency-ai-ecobubble-9kg-black-ww90dg5u34abfa/index.php,11394,a,href,https://www.samsung.com/pt/campanha-retomas/,www.samsung.com,Samsung production (leaves local clone)
./pages/watches/galaxy-watch/galaxy-watch8-44mm-silver-bluetooth-sm-l330nzsamea/index.php,11114,a,href,https://www.samsung.com/sar/sarMain?site_cd=pk&amp;prd_mdl_name=SM-L330,www.samsung.com,Samsung production (leaves local clone)
./previous-index.php,727,link,href,https://www.samsung.com/etc.clientlibs/samsung/components/content/consumer/global/function/fn-g-personalization/clientlibs/site.min.d41d8cd98f00b204e9800998ecf8427e.css,www.samsung.com,Samsung production (leaves local clone)
./index.php,608,a,href,https://shop.samsung.com/pk/cart,shop.samsung.com,e-commerce (leaves site)
./index.php,2553,a,href,https://shop.samsung.com/pk/cart,shop.samsung.com,e-commerce (leaves site)
./index.php,2602,a,href,https://shop.samsung.com/pk/track-order,shop.samsung.com,e-commerce (leaves site)
./index.php,2664,a,href,https://shop.samsung.com/pk/my-account/profile,shop.samsung.com,e-commerce (leaves site)
./index.php,2670,a,href,https://shop.samsung.com/pk/my-account/orders,shop.samsung.com,e-commerce (leaves site)
./index.php,2676,a,href,https://shop.samsung.com/pk/my-account/wishlist,shop.samsung.com,e-commerce (leaves site)
./pages/about-us/brand-identity/index.php,602,a,href,https://shop.samsung.com/pk/cart,shop.samsung.com,e-commerce (leaves site)
./pages/about-us/brand-identity/index.php,2547,a,href,https://shop.samsung.com/pk/cart,shop.samsung.com,e-commerce (leaves site)
./pages/about-us/brand-identity/index.php,2596,a,href,https://shop.samsung.com/pk/track-order,shop.samsung.com,e-commerce (leaves site)
./pages/about-us/brand-identity/index.php,2658,a,href,https://shop.samsung.com/pk/my-account/profile,shop.samsung.com,e-commerce (leaves site)
./pages/about-us/brand-identity/index.php,2664,a,href,https://shop.samsung.com/pk/my-account/orders,shop.samsung.com,e-commerce (leaves site)
./pages/about-us/brand-identity/index.php,2670,a,href,https://shop.samsung.com/pk/my-account/wishlist,shop.samsung.com,e-commerce (leaves site)
./pages/about-us/business-area/index.php,604,a,href,https://shop.samsung.com/pk/cart,shop.samsung.com,e-commerce (leaves site)
./pages/about-us/business-area/index.php,2549,a,href,https://shop.samsung.com/pk/cart,shop.samsung.com,e-commerce (leaves site)
./pages/about-us/business-area/index.php,2598,a,href,https://shop.samsung.com/pk/track-order,shop.samsung.com,e-commerce (leaves site)
./pages/about-us/business-area/index.php,2660,a,href,https://shop.samsung.com/pk/my-account/profile,shop.samsung.com,e-commerce (leaves site)
./pages/about-us/business-area/index.php,2666,a,href,https://shop.samsung.com/pk/my-account/orders,shop.samsung.com,e-commerce (leaves site)
./pages/about-us/business-area/index.php,2672,a,href,https://shop.samsung.com/pk/my-account/wishlist,shop.samsung.com,e-commerce (leaves site)
./pages/about-us/careers/index.php,600,a,href,https://shop.samsung.com/pk/cart,shop.samsung.com,e-commerce (leaves site)
./pages/about-us/careers/index.php,2545,a,href,https://shop.samsung.com/pk/cart,shop.samsung.com,e-commerce (leaves site)
./pages/about-us/careers/index.php,2594,a,href,https://shop.samsung.com/pk/track-order,shop.samsung.com,e-commerce (leaves site)
./pages/about-us/careers/index.php,2656,a,href,https://shop.samsung.com/pk/my-account/profile,shop.samsung.com,e-commerce (leaves site)
./pages/about-us/careers/index.php,2662,a,href,https://shop.samsung.com/pk/my-account/orders,shop.samsung.com,e-commerce (leaves site)
./pages/about-us/careers/index.php,2668,a,href,https://shop.samsung.com/pk/my-account/wishlist,shop.samsung.com,e-commerce (leaves site)
./pages/about-us/company-info/index.php,608,a,href,https://shop.samsung.com/pk/cart,shop.samsung.com,e-commerce (leaves site)
./pages/about-us/company-info/index.php,2553,a,href,https://shop.samsung.com/pk/cart,shop.samsung.com,e-commerce (leaves site)
./pages/about-us/company-info/index.php,2602,a,href,https://shop.samsung.com/pk/track-order,shop.samsung.com,e-commerce (leaves site)
./pages/about-us/company-info/index.php,2664,a,href,https://shop.samsung.com/pk/my-account/profile,shop.samsung.com,e-commerce (leaves site)
./pages/about-us/company-info/index.php,2670,a,href,https://shop.samsung.com/pk/my-account/orders,shop.samsung.com,e-commerce (leaves site)
./pages/about-us/company-info/index.php,2676,a,href,https://shop.samsung.com/pk/my-account/wishlist,shop.samsung.com,e-commerce (leaves site)
./pages/about-us/ethics/index.php,604,a,href,https://shop.samsung.com/pk/cart,shop.samsung.com,e-commerce (leaves site)
./pages/about-us/ethics/index.php,2549,a,href,https://shop.samsung.com/pk/cart,shop.samsung.com,e-commerce (leaves site)
./pages/about-us/ethics/index.php,2598,a,href,https://shop.samsung.com/pk/track-order,shop.samsung.com,e-commerce (leaves site)
./pages/about-us/ethics/index.php,2660,a,href,https://shop.samsung.com/pk/my-account/profile,shop.samsung.com,e-commerce (leaves site)
./pages/about-us/ethics/index.php,2666,a,href,https://shop.samsung.com/pk/my-account/orders,shop.samsung.com,e-commerce (leaves site)
./pages/about-us/ethics/index.php,2672,a,href,https://shop.samsung.com/pk/my-account/wishlist,shop.samsung.com,e-commerce (leaves site)
./pages/air-conditioners/all-air-conditioners/index.php,580,a,href,https://shop.samsung.com/pk/cart,shop.samsung.com,e-commerce (leaves site)
./pages/air-conditioners/all-air-conditioners/index.php,2525,a,href,https://shop.samsung.com/pk/cart,shop.samsung.com,e-commerce (leaves site)
./pages/air-conditioners/all-air-conditioners/index.php,2574,a,href,https://shop.samsung.com/pk/track-order,shop.samsung.com,e-commerce (leaves site)
./pages/air-conditioners/all-air-conditioners/index.php,2636,a,href,https://shop.samsung.com/pk/my-account/profile,shop.samsung.com,e-commerce (leaves site)
./pages/air-conditioners/all-air-conditioners/index.php,2642,a,href,https://shop.samsung.com/pk/my-account/orders,shop.samsung.com,e-commerce (leaves site)
./pages/air-conditioners/all-air-conditioners/index.php,2648,a,href,https://shop.samsung.com/pk/my-account/wishlist,shop.samsung.com,e-commerce (leaves site)
./pages/air-conditioners/wall-mount/ar9500t-ar18asfzgwk2pm/index.php,706,a,href,https://shop.samsung.com/pk/cart,shop.samsung.com,e-commerce (leaves site)
./pages/air-conditioners/wall-mount/ar9500t-ar18asfzgwk2pm/index.php,2651,a,href,https://shop.samsung.com/pk/cart,shop.samsung.com,e-commerce (leaves site)
./pages/air-conditioners/wall-mount/ar9500t-ar18asfzgwk2pm/index.php,2700,a,href,https://shop.samsung.com/pk/track-order,shop.samsung.com,e-commerce (leaves site)
./pages/air-conditioners/wall-mount/ar9500t-ar18asfzgwk2pm/index.php,2762,a,href,https://shop.samsung.com/pk/my-account/profile,shop.samsung.com,e-commerce (leaves site)
./pages/air-conditioners/wall-mount/ar9500t-ar18asfzgwk2pm/index.php,2768,a,href,https://shop.samsung.com/pk/my-account/orders,shop.samsung.com,e-commerce (leaves site)
./pages/air-conditioners/wall-mount/ar9500t-ar18asfzgwk2pm/index.php,2774,a,href,https://shop.samsung.com/pk/my-account/wishlist,shop.samsung.com,e-commerce (leaves site)
./pages/air-conditioners/wall-mount/ar9500t-ar50f12c1uhnsa-non-windfree-ar50f18c1nh2pm/index.php,706,a,href,https://shop.samsung.com/pk/cart,shop.samsung.com,e-commerce (leaves site)
./pages/air-conditioners/wall-mount/ar9500t-ar50f12c1uhnsa-non-windfree-ar50f18c1nh2pm/index.php,2651,a,href,https://shop.samsung.com/pk/cart,shop.samsung.com,e-commerce (leaves site)
./pages/air-conditioners/wall-mount/ar9500t-ar50f12c1uhnsa-non-windfree-ar50f18c1nh2pm/index.php,2700,a,href,https://shop.samsung.com/pk/track-order,shop.samsung.com,e-commerce (leaves site)
./pages/air-conditioners/wall-mount/ar9500t-ar50f12c1uhnsa-non-windfree-ar50f18c1nh2pm/index.php,2762,a,href,https://shop.samsung.com/pk/my-account/profile,shop.samsung.com,e-commerce (leaves site)
./pages/air-conditioners/wall-mount/ar9500t-ar50f12c1uhnsa-non-windfree-ar50f18c1nh2pm/index.php,2768,a,href,https://shop.samsung.com/pk/my-account/orders,shop.samsung.com,e-commerce (leaves site)
./pages/air-conditioners/wall-mount/ar9500t-ar50f12c1uhnsa-non-windfree-ar50f18c1nh2pm/index.php,2774,a,href,https://shop.samsung.com/pk/my-account/wishlist,shop.samsung.com,e-commerce (leaves site)
./pages/apps/index.php,608,a,href,https://shop.samsung.com/pk/cart,shop.samsung.com,e-commerce (leaves site)
./pages/apps/index.php,2553,a,href,https://shop.samsung.com/pk/cart,shop.samsung.com,e-commerce (leaves site)
./pages/apps/index.php,2602,a,href,https://shop.samsung.com/pk/track-order,shop.samsung.com,e-commerce (leaves site)
./pages/apps/index.php,2664,a,href,https://shop.samsung.com/pk/my-account/profile,shop.samsung.com,e-commerce (leaves site)
./pages/apps/index.php,2670,a,href,https://shop.samsung.com/pk/my-account/orders,shop.samsung.com,e-commerce (leaves site)
./pages/apps/index.php,2676,a,href,https://shop.samsung.com/pk/my-account/wishlist,shop.samsung.com,e-commerce (leaves site)
./pages/apps/samsung-health/index.php,612,a,href,https://shop.samsung.com/pk/cart,shop.samsung.com,e-commerce (leaves site)
./pages/apps/samsung-health/index.php,2557,a,href,https://shop.samsung.com/pk/cart,shop.samsung.com,e-commerce (leaves site)
./pages/apps/samsung-health/index.php,2606,a,href,https://shop.samsung.com/pk/track-order,shop.samsung.com,e-commerce (leaves site)
./pages/apps/samsung-health/index.php,2668,a,href,https://shop.samsung.com/pk/my-account/profile,shop.samsung.com,e-commerce (leaves site)
./pages/apps/samsung-health/index.php,2674,a,href,https://shop.samsung.com/pk/my-account/orders,shop.samsung.com,e-commerce (leaves site)
./pages/apps/samsung-health/index.php,2680,a,href,https://shop.samsung.com/pk/my-account/wishlist,shop.samsung.com,e-commerce (leaves site)
./pages/audio-sound/all-audio-sound/index.php,572,a,href,https://shop.samsung.com/pk/cart,shop.samsung.com,e-commerce (leaves site)
./pages/audio-sound/all-audio-sound/index.php,2517,a,href,https://shop.samsung.com/pk/cart,shop.samsung.com,e-commerce (leaves site)
./pages/audio-sound/all-audio-sound/index.php,2566,a,href,https://shop.samsung.com/pk/track-order,shop.samsung.com,e-commerce (leaves site)
./pages/audio-sound/all-audio-sound/index.php,2628,a,href,https://shop.samsung.com/pk/my-account/profile,shop.samsung.com,e-commerce (leaves site)
./pages/audio-sound/all-audio-sound/index.php,2634,a,href,https://shop.samsung.com/pk/my-account/orders,shop.samsung.com,e-commerce (leaves site)
./pages/audio-sound/all-audio-sound/index.php,2640,a,href,https://shop.samsung.com/pk/my-account/wishlist,shop.samsung.com,e-commerce (leaves site)
./pages/audio-sound/galaxy-buds/galaxy-buds4-pro-black-sm-r640nzkamea/index.php,708,a,href,https://shop.samsung.com/pk/cart,shop.samsung.com,e-commerce (leaves site)
./pages/audio-sound/galaxy-buds/galaxy-buds4-pro-black-sm-r640nzkamea/index.php,2653,a,href,https://shop.samsung.com/pk/cart,shop.samsung.com,e-commerce (leaves site)
./pages/audio-sound/galaxy-buds/galaxy-buds4-pro-black-sm-r640nzkamea/index.php,2702,a,href,https://shop.samsung.com/pk/track-order,shop.samsung.com,e-commerce (leaves site)
./pages/audio-sound/galaxy-buds/galaxy-buds4-pro-black-sm-r640nzkamea/index.php,2764,a,href,https://shop.samsung.com/pk/my-account/profile,shop.samsung.com,e-commerce (leaves site)
./pages/audio-sound/galaxy-buds/galaxy-buds4-pro-black-sm-r640nzkamea/index.php,2770,a,href,https://shop.samsung.com/pk/my-account/orders,shop.samsung.com,e-commerce (leaves site)
./pages/audio-sound/galaxy-buds/galaxy-buds4-pro-black-sm-r640nzkamea/index.php,2776,a,href,https://shop.samsung.com/pk/my-account/wishlist,shop.samsung.com,e-commerce (leaves site)
./pages/buy-direct-get-more/index.php,602,a,href,https://shop.samsung.com/pk/cart,shop.samsung.com,e-commerce (leaves site)
./pages/buy-direct-get-more/index.php,2547,a,href,https://shop.samsung.com/pk/cart,shop.samsung.com,e-commerce (leaves site)
./pages/buy-direct-get-more/index.php,2596,a,href,https://shop.samsung.com/pk/track-order,shop.samsung.com,e-commerce (leaves site)
./pages/buy-direct-get-more/index.php,2658,a,href,https://shop.samsung.com/pk/my-account/profile,shop.samsung.com,e-commerce (leaves site)
./pages/buy-direct-get-more/index.php,2664,a,href,https://shop.samsung.com/pk/my-account/orders,shop.samsung.com,e-commerce (leaves site)
./pages/buy-direct-get-more/index.php,2670,a,href,https://shop.samsung.com/pk/my-account/wishlist,shop.samsung.com,e-commerce (leaves site)
./pages/dishwashers/all-dishwashers/index.php,581,a,href,https://shop.samsung.com/pk/cart,shop.samsung.com,e-commerce (leaves site)
./pages/dishwashers/all-dishwashers/index.php,2526,a,href,https://shop.samsung.com/pk/cart,shop.samsung.com,e-commerce (leaves site)
./pages/dishwashers/all-dishwashers/index.php,2575,a,href,https://shop.samsung.com/pk/track-order,shop.samsung.com,e-commerce (leaves site)
./pages/dishwashers/all-dishwashers/index.php,2637,a,href,https://shop.samsung.com/pk/my-account/profile,shop.samsung.com,e-commerce (leaves site)
./pages/dishwashers/all-dishwashers/index.php,2643,a,href,https://shop.samsung.com/pk/my-account/orders,shop.samsung.com,e-commerce (leaves site)
./pages/dishwashers/all-dishwashers/index.php,2649,a,href,https://shop.samsung.com/pk/my-account/wishlist,shop.samsung.com,e-commerce (leaves site)
./pages/dishwashers/built-in/dw7700b-dw60dg790i00-energy-efficiency-waterjet-clean-14-place-settings-silver-dw60dg790fslgu/index.php,706,a,href,https://shop.samsung.com/pk/cart,shop.samsung.com,e-commerce (leaves site)
./pages/dishwashers/built-in/dw7700b-dw60dg790i00-energy-efficiency-waterjet-clean-14-place-settings-silver-dw60dg790fslgu/index.php,2651,a,href,https://shop.samsung.com/pk/cart,shop.samsung.com,e-commerce (leaves site)
./pages/dishwashers/built-in/dw7700b-dw60dg790i00-energy-efficiency-waterjet-clean-14-place-settings-silver-dw60dg790fslgu/index.php,2700,a,href,https://shop.samsung.com/pk/track-order,shop.samsung.com,e-commerce (leaves site)
./pages/dishwashers/built-in/dw7700b-dw60dg790i00-energy-efficiency-waterjet-clean-14-place-settings-silver-dw60dg790fslgu/index.php,2762,a,href,https://shop.samsung.com/pk/my-account/profile,shop.samsung.com,e-commerce (leaves site)
./pages/dishwashers/built-in/dw7700b-dw60dg790i00-energy-efficiency-waterjet-clean-14-place-settings-silver-dw60dg790fslgu/index.php,2768,a,href,https://shop.samsung.com/pk/my-account/orders,shop.samsung.com,e-commerce (leaves site)
./pages/dishwashers/built-in/dw7700b-dw60dg790i00-energy-efficiency-waterjet-clean-14-place-settings-silver-dw60dg790fslgu/index.php,2774,a,href,https://shop.samsung.com/pk/my-account/wishlist,shop.samsung.com,e-commerce (leaves site)
./pages/explore/index.php,569,a,href,https://shop.samsung.com/pk/cart,shop.samsung.com,e-commerce (leaves site)
./pages/explore/index.php,2514,a,href,https://shop.samsung.com/pk/cart,shop.samsung.com,e-commerce (leaves site)
./pages/explore/index.php,2563,a,href,https://shop.samsung.com/pk/track-order,shop.samsung.com,e-commerce (leaves site)
./pages/explore/index.php,2625,a,href,https://shop.samsung.com/pk/my-account/profile,shop.samsung.com,e-commerce (leaves site)
./pages/explore/index.php,2631,a,href,https://shop.samsung.com/pk/my-account/orders,shop.samsung.com,e-commerce (leaves site)
./pages/explore/index.php,2637,a,href,https://shop.samsung.com/pk/my-account/wishlist,shop.samsung.com,e-commerce (leaves site)
./pages/function/ipredirection/ipredirectionLocalList/index.php,588,a,href,https://shop.samsung.com/pk/cart,shop.samsung.com,e-commerce (leaves site)
./pages/function/ipredirection/ipredirectionLocalList/index.php,2533,a,href,https://shop.samsung.com/pk/cart,shop.samsung.com,e-commerce (leaves site)
./pages/function/ipredirection/ipredirectionLocalList/index.php,2582,a,href,https://shop.samsung.com/pk/track-order,shop.samsung.com,e-commerce (leaves site)
./pages/function/ipredirection/ipredirectionLocalList/index.php,2644,a,href,https://shop.samsung.com/pk/my-account/profile,shop.samsung.com,e-commerce (leaves site)
./pages/function/ipredirection/ipredirectionLocalList/index.php,2650,a,href,https://shop.samsung.com/pk/my-account/orders,shop.samsung.com,e-commerce (leaves site)
./pages/function/ipredirection/ipredirectionLocalList/index.php,2656,a,href,https://shop.samsung.com/pk/my-account/wishlist,shop.samsung.com,e-commerce (leaves site)
./pages/galaxy-ai/index.php,611,a,href,https://shop.samsung.com/pk/cart,shop.samsung.com,e-commerce (leaves site)
./pages/galaxy-ai/index.php,2556,a,href,https://shop.samsung.com/pk/cart,shop.samsung.com,e-commerce (leaves site)
./pages/galaxy-ai/index.php,2605,a,href,https://shop.samsung.com/pk/track-order,shop.samsung.com,e-commerce (leaves site)
./pages/galaxy-ai/index.php,2667,a,href,https://shop.samsung.com/pk/my-account/profile,shop.samsung.com,e-commerce (leaves site)
./pages/galaxy-ai/index.php,2673,a,href,https://shop.samsung.com/pk/my-account/orders,shop.samsung.com,e-commerce (leaves site)
./pages/galaxy-ai/index.php,2679,a,href,https://shop.samsung.com/pk/my-account/wishlist,shop.samsung.com,e-commerce (leaves site)
./pages/home-appliances/buying-guide/index.php,598,a,href,https://shop.samsung.com/pk/cart,shop.samsung.com,e-commerce (leaves site)
./pages/home-appliances/buying-guide/index.php,2543,a,href,https://shop.samsung.com/pk/cart,shop.samsung.com,e-commerce (leaves site)
./pages/home-appliances/buying-guide/index.php,2592,a,href,https://shop.samsung.com/pk/track-order,shop.samsung.com,e-commerce (leaves site)
./pages/home-appliances/buying-guide/index.php,2654,a,href,https://shop.samsung.com/pk/my-account/profile,shop.samsung.com,e-commerce (leaves site)
./pages/home-appliances/buying-guide/index.php,2660,a,href,https://shop.samsung.com/pk/my-account/orders,shop.samsung.com,e-commerce (leaves site)
./pages/home-appliances/buying-guide/index.php,2666,a,href,https://shop.samsung.com/pk/my-account/wishlist,shop.samsung.com,e-commerce (leaves site)
./pages/home-appliances/faq/index.php,592,a,href,https://shop.samsung.com/pk/cart,shop.samsung.com,e-commerce (leaves site)
./pages/home-appliances/faq/index.php,2537,a,href,https://shop.samsung.com/pk/cart,shop.samsung.com,e-commerce (leaves site)
./pages/home-appliances/faq/index.php,2586,a,href,https://shop.samsung.com/pk/track-order,shop.samsung.com,e-commerce (leaves site)
./pages/home-appliances/faq/index.php,2648,a,href,https://shop.samsung.com/pk/my-account/profile,shop.samsung.com,e-commerce (leaves site)
./pages/home-appliances/faq/index.php,2654,a,href,https://shop.samsung.com/pk/my-account/orders,shop.samsung.com,e-commerce (leaves site)
./pages/home-appliances/faq/index.php,2660,a,href,https://shop.samsung.com/pk/my-account/wishlist,shop.samsung.com,e-commerce (leaves site)
./pages/index.php,605,a,href,https://shop.samsung.com/pk/cart,shop.samsung.com,e-commerce (leaves site)
./pages/index.php,2550,a,href,https://shop.samsung.com/pk/cart,shop.samsung.com,e-commerce (leaves site)
./pages/index.php,2599,a,href,https://shop.samsung.com/pk/track-order,shop.samsung.com,e-commerce (leaves site)
./pages/index.php,2661,a,href,https://shop.samsung.com/pk/my-account/profile,shop.samsung.com,e-commerce (leaves site)
./pages/index.php,2667,a,href,https://shop.samsung.com/pk/my-account/orders,shop.samsung.com,e-commerce (leaves site)
./pages/index.php,2673,a,href,https://shop.samsung.com/pk/my-account/wishlist,shop.samsung.com,e-commerce (leaves site)
./pages/info/legal/index.php,590,a,href,https://shop.samsung.com/pk/cart,shop.samsung.com,e-commerce (leaves site)
./pages/info/legal/index.php,2535,a,href,https://shop.samsung.com/pk/cart,shop.samsung.com,e-commerce (leaves site)
./pages/info/legal/index.php,2584,a,href,https://shop.samsung.com/pk/track-order,shop.samsung.com,e-commerce (leaves site)
./pages/info/legal/index.php,2646,a,href,https://shop.samsung.com/pk/my-account/profile,shop.samsung.com,e-commerce (leaves site)
./pages/info/legal/index.php,2652,a,href,https://shop.samsung.com/pk/my-account/orders,shop.samsung.com,e-commerce (leaves site)
./pages/info/legal/index.php,2658,a,href,https://shop.samsung.com/pk/my-account/wishlist,shop.samsung.com,e-commerce (leaves site)
./pages/info/privacy/index.php,598,a,href,https://shop.samsung.com/pk/cart,shop.samsung.com,e-commerce (leaves site)
./pages/info/privacy/index.php,2543,a,href,https://shop.samsung.com/pk/cart,shop.samsung.com,e-commerce (leaves site)
./pages/info/privacy/index.php,2592,a,href,https://shop.samsung.com/pk/track-order,shop.samsung.com,e-commerce (leaves site)
./pages/info/privacy/index.php,2654,a,href,https://shop.samsung.com/pk/my-account/profile,shop.samsung.com,e-commerce (leaves site)
./pages/info/privacy/index.php,2660,a,href,https://shop.samsung.com/pk/my-account/orders,shop.samsung.com,e-commerce (leaves site)
./pages/info/privacy/index.php,2666,a,href,https://shop.samsung.com/pk/my-account/wishlist,shop.samsung.com,e-commerce (leaves site)
./pages/info/sitemap/index.php,588,a,href,https://shop.samsung.com/pk/cart,shop.samsung.com,e-commerce (leaves site)
./pages/info/sitemap/index.php,2533,a,href,https://shop.samsung.com/pk/cart,shop.samsung.com,e-commerce (leaves site)
./pages/info/sitemap/index.php,2582,a,href,https://shop.samsung.com/pk/track-order,shop.samsung.com,e-commerce (leaves site)
./pages/info/sitemap/index.php,2644,a,href,https://shop.samsung.com/pk/my-account/profile,shop.samsung.com,e-commerce (leaves site)
./pages/info/sitemap/index.php,2650,a,href,https://shop.samsung.com/pk/my-account/orders,shop.samsung.com,e-commerce (leaves site)
./pages/info/sitemap/index.php,2656,a,href,https://shop.samsung.com/pk/my-account/wishlist,shop.samsung.com,e-commerce (leaves site)
./pages/innovation-campus/index.php,613,a,href,https://shop.samsung.com/pk/cart,shop.samsung.com,e-commerce (leaves site)
./pages/innovation-campus/index.php,2558,a,href,https://shop.samsung.com/pk/cart,shop.samsung.com,e-commerce (leaves site)
./pages/innovation-campus/index.php,2607,a,href,https://shop.samsung.com/pk/track-order,shop.samsung.com,e-commerce (leaves site)
./pages/innovation-campus/index.php,2669,a,href,https://shop.samsung.com/pk/my-account/profile,shop.samsung.com,e-commerce (leaves site)
./pages/innovation-campus/index.php,2675,a,href,https://shop.samsung.com/pk/my-account/orders,shop.samsung.com,e-commerce (leaves site)
./pages/innovation-campus/index.php,2681,a,href,https://shop.samsung.com/pk/my-account/wishlist,shop.samsung.com,e-commerce (leaves site)
./pages/lifestyle-tvs/all-lifestyle-tvs/index.php,580,a,href,https://shop.samsung.com/pk/cart,shop.samsung.com,e-commerce (leaves site)
./pages/lifestyle-tvs/all-lifestyle-tvs/index.php,2525,a,href,https://shop.samsung.com/pk/cart,shop.samsung.com,e-commerce (leaves site)
./pages/lifestyle-tvs/all-lifestyle-tvs/index.php,2574,a,href,https://shop.samsung.com/pk/track-order,shop.samsung.com,e-commerce (leaves site)
./pages/lifestyle-tvs/all-lifestyle-tvs/index.php,2636,a,href,https://shop.samsung.com/pk/my-account/profile,shop.samsung.com,e-commerce (leaves site)
./pages/lifestyle-tvs/all-lifestyle-tvs/index.php,2642,a,href,https://shop.samsung.com/pk/my-account/orders,shop.samsung.com,e-commerce (leaves site)
./pages/lifestyle-tvs/all-lifestyle-tvs/index.php,2648,a,href,https://shop.samsung.com/pk/my-account/wishlist,shop.samsung.com,e-commerce (leaves site)
./pages/lifestyle-tvs/the-frame/highlights/index.php,609,a,href,https://shop.samsung.com/pk/cart,shop.samsung.com,e-commerce (leaves site)
./pages/lifestyle-tvs/the-frame/highlights/index.php,2554,a,href,https://shop.samsung.com/pk/cart,shop.samsung.com,e-commerce (leaves site)
./pages/lifestyle-tvs/the-frame/highlights/index.php,2603,a,href,https://shop.samsung.com/pk/track-order,shop.samsung.com,e-commerce (leaves site)
./pages/lifestyle-tvs/the-frame/highlights/index.php,2665,a,href,https://shop.samsung.com/pk/my-account/profile,shop.samsung.com,e-commerce (leaves site)
./pages/lifestyle-tvs/the-frame/highlights/index.php,2671,a,href,https://shop.samsung.com/pk/my-account/orders,shop.samsung.com,e-commerce (leaves site)
./pages/lifestyle-tvs/the-frame/highlights/index.php,2677,a,href,https://shop.samsung.com/pk/my-account/wishlist,shop.samsung.com,e-commerce (leaves site)
./pages/lifestyle-tvs/the-frame/ls03f-65-inch-art-store-black-qa65ls03fausmm/index.php,706,a,href,https://shop.samsung.com/pk/cart,shop.samsung.com,e-commerce (leaves site)
./pages/lifestyle-tvs/the-frame/ls03f-65-inch-art-store-black-qa65ls03fausmm/index.php,2651,a,href,https://shop.samsung.com/pk/cart,shop.samsung.com,e-commerce (leaves site)
./pages/lifestyle-tvs/the-frame/ls03f-65-inch-art-store-black-qa65ls03fausmm/index.php,2700,a,href,https://shop.samsung.com/pk/track-order,shop.samsung.com,e-commerce (leaves site)
./pages/lifestyle-tvs/the-frame/ls03f-65-inch-art-store-black-qa65ls03fausmm/index.php,2762,a,href,https://shop.samsung.com/pk/my-account/profile,shop.samsung.com,e-commerce (leaves site)
./pages/lifestyle-tvs/the-frame/ls03f-65-inch-art-store-black-qa65ls03fausmm/index.php,2768,a,href,https://shop.samsung.com/pk/my-account/orders,shop.samsung.com,e-commerce (leaves site)
./pages/lifestyle-tvs/the-frame/ls03f-65-inch-art-store-black-qa65ls03fausmm/index.php,2774,a,href,https://shop.samsung.com/pk/my-account/wishlist,shop.samsung.com,e-commerce (leaves site)
./pages/mobile-accessories/all-mobile-accessories/index.php,568,a,href,https://shop.samsung.com/pk/cart,shop.samsung.com,e-commerce (leaves site)
./pages/mobile-accessories/all-mobile-accessories/index.php,2513,a,href,https://shop.samsung.com/pk/cart,shop.samsung.com,e-commerce (leaves site)
./pages/mobile-accessories/all-mobile-accessories/index.php,2562,a,href,https://shop.samsung.com/pk/track-order,shop.samsung.com,e-commerce (leaves site)
./pages/mobile-accessories/all-mobile-accessories/index.php,2624,a,href,https://shop.samsung.com/pk/my-account/profile,shop.samsung.com,e-commerce (leaves site)
./pages/mobile-accessories/all-mobile-accessories/index.php,2630,a,href,https://shop.samsung.com/pk/my-account/orders,shop.samsung.com,e-commerce (leaves site)
./pages/mobile-accessories/all-mobile-accessories/index.php,2636,a,href,https://shop.samsung.com/pk/my-account/wishlist,shop.samsung.com,e-commerce (leaves site)
./pages/mobile/find-your-galaxy/index.php,604,a,href,https://shop.samsung.com/pk/cart,shop.samsung.com,e-commerce (leaves site)
./pages/mobile/find-your-galaxy/index.php,2549,a,href,https://shop.samsung.com/pk/cart,shop.samsung.com,e-commerce (leaves site)
./pages/mobile/find-your-galaxy/index.php,2598,a,href,https://shop.samsung.com/pk/track-order,shop.samsung.com,e-commerce (leaves site)
./pages/mobile/find-your-galaxy/index.php,2660,a,href,https://shop.samsung.com/pk/my-account/profile,shop.samsung.com,e-commerce (leaves site)
./pages/mobile/find-your-galaxy/index.php,2666,a,href,https://shop.samsung.com/pk/my-account/orders,shop.samsung.com,e-commerce (leaves site)
./pages/mobile/find-your-galaxy/index.php,2672,a,href,https://shop.samsung.com/pk/my-account/wishlist,shop.samsung.com,e-commerce (leaves site)
./pages/mobile/index.php,581,a,href,https://shop.samsung.com/pk/cart,shop.samsung.com,e-commerce (leaves site)
./pages/mobile/index.php,2526,a,href,https://shop.samsung.com/pk/cart,shop.samsung.com,e-commerce (leaves site)
./pages/mobile/index.php,2575,a,href,https://shop.samsung.com/pk/track-order,shop.samsung.com,e-commerce (leaves site)
./pages/mobile/index.php,2637,a,href,https://shop.samsung.com/pk/my-account/profile,shop.samsung.com,e-commerce (leaves site)
./pages/mobile/index.php,2643,a,href,https://shop.samsung.com/pk/my-account/orders,shop.samsung.com,e-commerce (leaves site)
./pages/mobile/index.php,2649,a,href,https://shop.samsung.com/pk/my-account/wishlist,shop.samsung.com,e-commerce (leaves site)
./pages/mobile/switch-to-galaxy/index.php,613,a,href,https://shop.samsung.com/pk/cart,shop.samsung.com,e-commerce (leaves site)
./pages/mobile/switch-to-galaxy/index.php,2558,a,href,https://shop.samsung.com/pk/cart,shop.samsung.com,e-commerce (leaves site)
./pages/mobile/switch-to-galaxy/index.php,2607,a,href,https://shop.samsung.com/pk/track-order,shop.samsung.com,e-commerce (leaves site)
./pages/mobile/switch-to-galaxy/index.php,2669,a,href,https://shop.samsung.com/pk/my-account/profile,shop.samsung.com,e-commerce (leaves site)
./pages/mobile/switch-to-galaxy/index.php,2675,a,href,https://shop.samsung.com/pk/my-account/orders,shop.samsung.com,e-commerce (leaves site)
./pages/mobile/switch-to-galaxy/index.php,2681,a,href,https://shop.samsung.com/pk/my-account/wishlist,shop.samsung.com,e-commerce (leaves site)
./pages/monitors/all-monitors/index.php,584,a,href,https://shop.samsung.com/pk/cart,shop.samsung.com,e-commerce (leaves site)
./pages/monitors/all-monitors/index.php,2529,a,href,https://shop.samsung.com/pk/cart,shop.samsung.com,e-commerce (leaves site)
./pages/monitors/all-monitors/index.php,2578,a,href,https://shop.samsung.com/pk/track-order,shop.samsung.com,e-commerce (leaves site)
./pages/monitors/all-monitors/index.php,2640,a,href,https://shop.samsung.com/pk/my-account/profile,shop.samsung.com,e-commerce (leaves site)
./pages/monitors/all-monitors/index.php,2646,a,href,https://shop.samsung.com/pk/my-account/orders,shop.samsung.com,e-commerce (leaves site)
./pages/monitors/all-monitors/index.php,2652,a,href,https://shop.samsung.com/pk/my-account/wishlist,shop.samsung.com,e-commerce (leaves site)
./pages/monitors/full-hd-1080p/index.php,578,a,href,https://shop.samsung.com/pk/cart,shop.samsung.com,e-commerce (leaves site)
./pages/monitors/full-hd-1080p/index.php,2523,a,href,https://shop.samsung.com/pk/cart,shop.samsung.com,e-commerce (leaves site)
./pages/monitors/full-hd-1080p/index.php,2572,a,href,https://shop.samsung.com/pk/track-order,shop.samsung.com,e-commerce (leaves site)
./pages/monitors/full-hd-1080p/index.php,2634,a,href,https://shop.samsung.com/pk/my-account/profile,shop.samsung.com,e-commerce (leaves site)
./pages/monitors/full-hd-1080p/index.php,2640,a,href,https://shop.samsung.com/pk/my-account/orders,shop.samsung.com,e-commerce (leaves site)
./pages/monitors/full-hd-1080p/index.php,2646,a,href,https://shop.samsung.com/pk/my-account/wishlist,shop.samsung.com,e-commerce (leaves site)
./pages/monitors/gaming/index.php,578,a,href,https://shop.samsung.com/pk/cart,shop.samsung.com,e-commerce (leaves site)
./pages/monitors/gaming/index.php,2523,a,href,https://shop.samsung.com/pk/cart,shop.samsung.com,e-commerce (leaves site)
./pages/monitors/gaming/index.php,2572,a,href,https://shop.samsung.com/pk/track-order,shop.samsung.com,e-commerce (leaves site)
./pages/monitors/gaming/index.php,2634,a,href,https://shop.samsung.com/pk/my-account/profile,shop.samsung.com,e-commerce (leaves site)
./pages/monitors/gaming/index.php,2640,a,href,https://shop.samsung.com/pk/my-account/orders,shop.samsung.com,e-commerce (leaves site)
./pages/monitors/gaming/index.php,2646,a,href,https://shop.samsung.com/pk/my-account/wishlist,shop.samsung.com,e-commerce (leaves site)
./pages/monitors/gaming/odyssey-g5-34-inch-165hz-curved-ultra-wqhd-lc34g55twwmxue/index.php,708,a,href,https://shop.samsung.com/pk/cart,shop.samsung.com,e-commerce (leaves site)
./pages/monitors/gaming/odyssey-g5-34-inch-165hz-curved-ultra-wqhd-lc34g55twwmxue/index.php,2653,a,href,https://shop.samsung.com/pk/cart,shop.samsung.com,e-commerce (leaves site)
./pages/monitors/gaming/odyssey-g5-34-inch-165hz-curved-ultra-wqhd-lc34g55twwmxue/index.php,2702,a,href,https://shop.samsung.com/pk/track-order,shop.samsung.com,e-commerce (leaves site)
./pages/monitors/gaming/odyssey-g5-34-inch-165hz-curved-ultra-wqhd-lc34g55twwmxue/index.php,2764,a,href,https://shop.samsung.com/pk/my-account/profile,shop.samsung.com,e-commerce (leaves site)
./pages/monitors/gaming/odyssey-g5-34-inch-165hz-curved-ultra-wqhd-lc34g55twwmxue/index.php,2770,a,href,https://shop.samsung.com/pk/my-account/orders,shop.samsung.com,e-commerce (leaves site)
./pages/monitors/gaming/odyssey-g5-34-inch-165hz-curved-ultra-wqhd-lc34g55twwmxue/index.php,2776,a,href,https://shop.samsung.com/pk/my-account/wishlist,shop.samsung.com,e-commerce (leaves site)
./pages/monitors/gaming/odyssey-oled-g9-g93sc-49-inch-240hz-curved-dual-qhd-ls49cg934smxue/index.php,706,a,href,https://shop.samsung.com/pk/cart,shop.samsung.com,e-commerce (leaves site)
./pages/monitors/gaming/odyssey-oled-g9-g93sc-49-inch-240hz-curved-dual-qhd-ls49cg934smxue/index.php,2651,a,href,https://shop.samsung.com/pk/cart,shop.samsung.com,e-commerce (leaves site)
./pages/monitors/gaming/odyssey-oled-g9-g93sc-49-inch-240hz-curved-dual-qhd-ls49cg934smxue/index.php,2700,a,href,https://shop.samsung.com/pk/track-order,shop.samsung.com,e-commerce (leaves site)
./pages/monitors/gaming/odyssey-oled-g9-g93sc-49-inch-240hz-curved-dual-qhd-ls49cg934smxue/index.php,2762,a,href,https://shop.samsung.com/pk/my-account/profile,shop.samsung.com,e-commerce (leaves site)
./pages/monitors/gaming/odyssey-oled-g9-g93sc-49-inch-240hz-curved-dual-qhd-ls49cg934smxue/index.php,2768,a,href,https://shop.samsung.com/pk/my-account/orders,shop.samsung.com,e-commerce (leaves site)
./pages/monitors/gaming/odyssey-oled-g9-g93sc-49-inch-240hz-curved-dual-qhd-ls49cg934smxue/index.php,2774,a,href,https://shop.samsung.com/pk/my-account/wishlist,shop.samsung.com,e-commerce (leaves site)
./pages/monitors/high-resolution/index.php,584,a,href,https://shop.samsung.com/pk/cart,shop.samsung.com,e-commerce (leaves site)
./pages/monitors/high-resolution/index.php,2529,a,href,https://shop.samsung.com/pk/cart,shop.samsung.com,e-commerce (leaves site)
./pages/monitors/high-resolution/index.php,2578,a,href,https://shop.samsung.com/pk/track-order,shop.samsung.com,e-commerce (leaves site)
./pages/monitors/high-resolution/index.php,2640,a,href,https://shop.samsung.com/pk/my-account/profile,shop.samsung.com,e-commerce (leaves site)
./pages/monitors/high-resolution/index.php,2646,a,href,https://shop.samsung.com/pk/my-account/orders,shop.samsung.com,e-commerce (leaves site)
./pages/monitors/high-resolution/index.php,2652,a,href,https://shop.samsung.com/pk/my-account/wishlist,shop.samsung.com,e-commerce (leaves site)
./pages/monitors/monitor-buying-guide/index.php,609,a,href,https://shop.samsung.com/pk/cart,shop.samsung.com,e-commerce (leaves site)
./pages/monitors/monitor-buying-guide/index.php,2554,a,href,https://shop.samsung.com/pk/cart,shop.samsung.com,e-commerce (leaves site)
./pages/monitors/monitor-buying-guide/index.php,2603,a,href,https://shop.samsung.com/pk/track-order,shop.samsung.com,e-commerce (leaves site)
./pages/monitors/monitor-buying-guide/index.php,2665,a,href,https://shop.samsung.com/pk/my-account/profile,shop.samsung.com,e-commerce (leaves site)
./pages/monitors/monitor-buying-guide/index.php,2671,a,href,https://shop.samsung.com/pk/my-account/orders,shop.samsung.com,e-commerce (leaves site)
./pages/monitors/monitor-buying-guide/index.php,2677,a,href,https://shop.samsung.com/pk/my-account/wishlist,shop.samsung.com,e-commerce (leaves site)
./pages/monitors/odyssey-gaming-monitor/index.php,613,a,href,https://shop.samsung.com/pk/cart,shop.samsung.com,e-commerce (leaves site)
./pages/monitors/odyssey-gaming-monitor/index.php,2558,a,href,https://shop.samsung.com/pk/cart,shop.samsung.com,e-commerce (leaves site)
./pages/monitors/odyssey-gaming-monitor/index.php,2607,a,href,https://shop.samsung.com/pk/track-order,shop.samsung.com,e-commerce (leaves site)
./pages/monitors/odyssey-gaming-monitor/index.php,2669,a,href,https://shop.samsung.com/pk/my-account/profile,shop.samsung.com,e-commerce (leaves site)
./pages/monitors/odyssey-gaming-monitor/index.php,2675,a,href,https://shop.samsung.com/pk/my-account/orders,shop.samsung.com,e-commerce (leaves site)
./pages/monitors/odyssey-gaming-monitor/index.php,2681,a,href,https://shop.samsung.com/pk/my-account/wishlist,shop.samsung.com,e-commerce (leaves site)
./pages/monitors/smart/index.php,578,a,href,https://shop.samsung.com/pk/cart,shop.samsung.com,e-commerce (leaves site)
./pages/monitors/smart/index.php,2523,a,href,https://shop.samsung.com/pk/cart,shop.samsung.com,e-commerce (leaves site)
./pages/monitors/smart/index.php,2572,a,href,https://shop.samsung.com/pk/track-order,shop.samsung.com,e-commerce (leaves site)
./pages/monitors/smart/index.php,2634,a,href,https://shop.samsung.com/pk/my-account/profile,shop.samsung.com,e-commerce (leaves site)
./pages/monitors/smart/index.php,2640,a,href,https://shop.samsung.com/pk/my-account/orders,shop.samsung.com,e-commerce (leaves site)
./pages/monitors/smart/index.php,2646,a,href,https://shop.samsung.com/pk/my-account/wishlist,shop.samsung.com,e-commerce (leaves site)
./pages/monitors/viewfinity-high-resolution-monitor/index.php,599,a,href,https://shop.samsung.com/pk/cart,shop.samsung.com,e-commerce (leaves site)
./pages/monitors/viewfinity-high-resolution-monitor/index.php,2544,a,href,https://shop.samsung.com/pk/cart,shop.samsung.com,e-commerce (leaves site)
./pages/monitors/viewfinity-high-resolution-monitor/index.php,2593,a,href,https://shop.samsung.com/pk/track-order,shop.samsung.com,e-commerce (leaves site)
./pages/monitors/viewfinity-high-resolution-monitor/index.php,2655,a,href,https://shop.samsung.com/pk/my-account/profile,shop.samsung.com,e-commerce (leaves site)
./pages/monitors/viewfinity-high-resolution-monitor/index.php,2661,a,href,https://shop.samsung.com/pk/my-account/orders,shop.samsung.com,e-commerce (leaves site)
./pages/monitors/viewfinity-high-resolution-monitor/index.php,2667,a,href,https://shop.samsung.com/pk/my-account/wishlist,shop.samsung.com,e-commerce (leaves site)
./pages/news/index.php,563,a,href,https://shop.samsung.com/pk/cart,shop.samsung.com,e-commerce (leaves site)
./pages/news/index.php,2508,a,href,https://shop.samsung.com/pk/cart,shop.samsung.com,e-commerce (leaves site)
./pages/news/index.php,2557,a,href,https://shop.samsung.com/pk/track-order,shop.samsung.com,e-commerce (leaves site)
./pages/news/index.php,2619,a,href,https://shop.samsung.com/pk/my-account/profile,shop.samsung.com,e-commerce (leaves site)
./pages/news/index.php,2625,a,href,https://shop.samsung.com/pk/my-account/orders,shop.samsung.com,e-commerce (leaves site)
./pages/news/index.php,2631,a,href,https://shop.samsung.com/pk/my-account/wishlist,shop.samsung.com,e-commerce (leaves site)
./pages/offer/index.php,586,a,href,https://shop.samsung.com/pk/cart,shop.samsung.com,e-commerce (leaves site)
./pages/offer/index.php,2531,a,href,https://shop.samsung.com/pk/cart,shop.samsung.com,e-commerce (leaves site)
./pages/offer/index.php,2580,a,href,https://shop.samsung.com/pk/track-order,shop.samsung.com,e-commerce (leaves site)
./pages/offer/index.php,2642,a,href,https://shop.samsung.com/pk/my-account/profile,shop.samsung.com,e-commerce (leaves site)
./pages/offer/index.php,2648,a,href,https://shop.samsung.com/pk/my-account/orders,shop.samsung.com,e-commerce (leaves site)
./pages/offer/index.php,2654,a,href,https://shop.samsung.com/pk/my-account/wishlist,shop.samsung.com,e-commerce (leaves site)
./pages/offer/index.php,7575,a,href,https://shop.samsung.com/pk/terms-and-conditions,shop.samsung.com,e-commerce (leaves site)
./pages/offer/mobile/smartphones/index.php,586,a,href,https://shop.samsung.com/pk/cart,shop.samsung.com,e-commerce (leaves site)
./pages/offer/mobile/smartphones/index.php,2531,a,href,https://shop.samsung.com/pk/cart,shop.samsung.com,e-commerce (leaves site)
./pages/offer/mobile/smartphones/index.php,2580,a,href,https://shop.samsung.com/pk/track-order,shop.samsung.com,e-commerce (leaves site)
./pages/offer/mobile/smartphones/index.php,2642,a,href,https://shop.samsung.com/pk/my-account/profile,shop.samsung.com,e-commerce (leaves site)
./pages/offer/mobile/smartphones/index.php,2648,a,href,https://shop.samsung.com/pk/my-account/orders,shop.samsung.com,e-commerce (leaves site)
./pages/offer/mobile/smartphones/index.php,2654,a,href,https://shop.samsung.com/pk/my-account/wishlist,shop.samsung.com,e-commerce (leaves site)
./pages/offer/mobile/smartphones/index.php,7575,a,href,https://shop.samsung.com/pk/terms-and-conditions,shop.samsung.com,e-commerce (leaves site)
./pages/offer/mobile/tablets/index.php,586,a,href,https://shop.samsung.com/pk/cart,shop.samsung.com,e-commerce (leaves site)
./pages/offer/mobile/tablets/index.php,2531,a,href,https://shop.samsung.com/pk/cart,shop.samsung.com,e-commerce (leaves site)
./pages/offer/mobile/tablets/index.php,2580,a,href,https://shop.samsung.com/pk/track-order,shop.samsung.com,e-commerce (leaves site)
./pages/offer/mobile/tablets/index.php,2642,a,href,https://shop.samsung.com/pk/my-account/profile,shop.samsung.com,e-commerce (leaves site)
./pages/offer/mobile/tablets/index.php,2648,a,href,https://shop.samsung.com/pk/my-account/orders,shop.samsung.com,e-commerce (leaves site)
./pages/offer/mobile/tablets/index.php,2654,a,href,https://shop.samsung.com/pk/my-account/wishlist,shop.samsung.com,e-commerce (leaves site)
./pages/offer/mobile/tablets/index.php,7575,a,href,https://shop.samsung.com/pk/terms-and-conditions,shop.samsung.com,e-commerce (leaves site)
./pages/offer/mobile/wearables-and-accessories/index.php,586,a,href,https://shop.samsung.com/pk/cart,shop.samsung.com,e-commerce (leaves site)
./pages/offer/mobile/wearables-and-accessories/index.php,2531,a,href,https://shop.samsung.com/pk/cart,shop.samsung.com,e-commerce (leaves site)
./pages/offer/mobile/wearables-and-accessories/index.php,2580,a,href,https://shop.samsung.com/pk/track-order,shop.samsung.com,e-commerce (leaves site)
./pages/offer/mobile/wearables-and-accessories/index.php,2642,a,href,https://shop.samsung.com/pk/my-account/profile,shop.samsung.com,e-commerce (leaves site)
./pages/offer/mobile/wearables-and-accessories/index.php,2648,a,href,https://shop.samsung.com/pk/my-account/orders,shop.samsung.com,e-commerce (leaves site)
./pages/offer/mobile/wearables-and-accessories/index.php,2654,a,href,https://shop.samsung.com/pk/my-account/wishlist,shop.samsung.com,e-commerce (leaves site)
./pages/offer/mobile/wearables-and-accessories/index.php,7575,a,href,https://shop.samsung.com/pk/terms-and-conditions,shop.samsung.com,e-commerce (leaves site)
./pages/offer/samsung-week/index.php,639,a,href,https://shop.samsung.com/pk/cart,shop.samsung.com,e-commerce (leaves site)
./pages/offer/samsung-week/index.php,2584,a,href,https://shop.samsung.com/pk/cart,shop.samsung.com,e-commerce (leaves site)
./pages/offer/samsung-week/index.php,2633,a,href,https://shop.samsung.com/pk/track-order,shop.samsung.com,e-commerce (leaves site)
./pages/offer/samsung-week/index.php,2695,a,href,https://shop.samsung.com/pk/my-account/profile,shop.samsung.com,e-commerce (leaves site)
./pages/offer/samsung-week/index.php,2701,a,href,https://shop.samsung.com/pk/my-account/orders,shop.samsung.com,e-commerce (leaves site)
./pages/offer/samsung-week/index.php,2707,a,href,https://shop.samsung.com/pk/my-account/wishlist,shop.samsung.com,e-commerce (leaves site)
./pages/one-ui/index.php,610,a,href,https://shop.samsung.com/pk/cart,shop.samsung.com,e-commerce (leaves site)
./pages/one-ui/index.php,2555,a,href,https://shop.samsung.com/pk/cart,shop.samsung.com,e-commerce (leaves site)
./pages/one-ui/index.php,2604,a,href,https://shop.samsung.com/pk/track-order,shop.samsung.com,e-commerce (leaves site)
./pages/one-ui/index.php,2666,a,href,https://shop.samsung.com/pk/my-account/profile,shop.samsung.com,e-commerce (leaves site)
./pages/one-ui/index.php,2672,a,href,https://shop.samsung.com/pk/my-account/orders,shop.samsung.com,e-commerce (leaves site)
./pages/one-ui/index.php,2678,a,href,https://shop.samsung.com/pk/my-account/wishlist,shop.samsung.com,e-commerce (leaves site)
./pages/projectors/all-projectors/index.php,584,a,href,https://shop.samsung.com/pk/cart,shop.samsung.com,e-commerce (leaves site)
./pages/projectors/all-projectors/index.php,2529,a,href,https://shop.samsung.com/pk/cart,shop.samsung.com,e-commerce (leaves site)
./pages/projectors/all-projectors/index.php,2578,a,href,https://shop.samsung.com/pk/track-order,shop.samsung.com,e-commerce (leaves site)
./pages/projectors/all-projectors/index.php,2640,a,href,https://shop.samsung.com/pk/my-account/profile,shop.samsung.com,e-commerce (leaves site)
./pages/projectors/all-projectors/index.php,2646,a,href,https://shop.samsung.com/pk/my-account/orders,shop.samsung.com,e-commerce (leaves site)
./pages/projectors/all-projectors/index.php,2652,a,href,https://shop.samsung.com/pk/my-account/wishlist,shop.samsung.com,e-commerce (leaves site)
./pages/refrigerators/all-refrigerators/index.php,584,a,href,https://shop.samsung.com/pk/cart,shop.samsung.com,e-commerce (leaves site)
./pages/refrigerators/all-refrigerators/index.php,2529,a,href,https://shop.samsung.com/pk/cart,shop.samsung.com,e-commerce (leaves site)
./pages/refrigerators/all-refrigerators/index.php,2578,a,href,https://shop.samsung.com/pk/track-order,shop.samsung.com,e-commerce (leaves site)
./pages/refrigerators/all-refrigerators/index.php,2640,a,href,https://shop.samsung.com/pk/my-account/profile,shop.samsung.com,e-commerce (leaves site)
./pages/refrigerators/all-refrigerators/index.php,2646,a,href,https://shop.samsung.com/pk/my-account/orders,shop.samsung.com,e-commerce (leaves site)
./pages/refrigerators/all-refrigerators/index.php,2652,a,href,https://shop.samsung.com/pk/my-account/wishlist,shop.samsung.com,e-commerce (leaves site)
./pages/refrigerators/side-by-side/refrigerator-sbs-rs90f-basic-655l-black-doi-rs70f65qeftr/index.php,706,a,href,https://shop.samsung.com/pk/cart,shop.samsung.com,e-commerce (leaves site)
./pages/refrigerators/side-by-side/refrigerator-sbs-rs90f-basic-655l-black-doi-rs70f65qeftr/index.php,2651,a,href,https://shop.samsung.com/pk/cart,shop.samsung.com,e-commerce (leaves site)
./pages/refrigerators/side-by-side/refrigerator-sbs-rs90f-basic-655l-black-doi-rs70f65qeftr/index.php,2700,a,href,https://shop.samsung.com/pk/track-order,shop.samsung.com,e-commerce (leaves site)
./pages/refrigerators/side-by-side/refrigerator-sbs-rs90f-basic-655l-black-doi-rs70f65qeftr/index.php,2762,a,href,https://shop.samsung.com/pk/my-account/profile,shop.samsung.com,e-commerce (leaves site)
./pages/refrigerators/side-by-side/refrigerator-sbs-rs90f-basic-655l-black-doi-rs70f65qeftr/index.php,2768,a,href,https://shop.samsung.com/pk/my-account/orders,shop.samsung.com,e-commerce (leaves site)
./pages/refrigerators/side-by-side/refrigerator-sbs-rs90f-basic-655l-black-doi-rs70f65qeftr/index.php,2774,a,href,https://shop.samsung.com/pk/my-account/wishlist,shop.samsung.com,e-commerce (leaves site)
./pages/refrigerators/top-mount-freezer/rt7300d-smartthings-ai-energy-mode-top-mount-freezer-smartthings-ai-energy-mode-540l-black-rt53dg7b10b1fa/index.php,706,a,href,https://shop.samsung.com/pk/cart,shop.samsung.com,e-commerce (leaves site)
./pages/refrigerators/top-mount-freezer/rt7300d-smartthings-ai-energy-mode-top-mount-freezer-smartthings-ai-energy-mode-540l-black-rt53dg7b10b1fa/index.php,2651,a,href,https://shop.samsung.com/pk/cart,shop.samsung.com,e-commerce (leaves site)
./pages/refrigerators/top-mount-freezer/rt7300d-smartthings-ai-energy-mode-top-mount-freezer-smartthings-ai-energy-mode-540l-black-rt53dg7b10b1fa/index.php,2700,a,href,https://shop.samsung.com/pk/track-order,shop.samsung.com,e-commerce (leaves site)
./pages/refrigerators/top-mount-freezer/rt7300d-smartthings-ai-energy-mode-top-mount-freezer-smartthings-ai-energy-mode-540l-black-rt53dg7b10b1fa/index.php,2762,a,href,https://shop.samsung.com/pk/my-account/profile,shop.samsung.com,e-commerce (leaves site)
./pages/refrigerators/top-mount-freezer/rt7300d-smartthings-ai-energy-mode-top-mount-freezer-smartthings-ai-energy-mode-540l-black-rt53dg7b10b1fa/index.php,2768,a,href,https://shop.samsung.com/pk/my-account/orders,shop.samsung.com,e-commerce (leaves site)
./pages/refrigerators/top-mount-freezer/rt7300d-smartthings-ai-energy-mode-top-mount-freezer-smartthings-ai-energy-mode-540l-black-rt53dg7b10b1fa/index.php,2774,a,href,https://shop.samsung.com/pk/my-account/wishlist,shop.samsung.com,e-commerce (leaves site)
./pages/search/index.php,564,a,href,https://shop.samsung.com/pk/cart,shop.samsung.com,e-commerce (leaves site)
./pages/search/index.php,2509,a,href,https://shop.samsung.com/pk/cart,shop.samsung.com,e-commerce (leaves site)
./pages/search/index.php,2558,a,href,https://shop.samsung.com/pk/track-order,shop.samsung.com,e-commerce (leaves site)
./pages/search/index.php,2620,a,href,https://shop.samsung.com/pk/my-account/profile,shop.samsung.com,e-commerce (leaves site)
./pages/search/index.php,2626,a,href,https://shop.samsung.com/pk/my-account/orders,shop.samsung.com,e-commerce (leaves site)
./pages/search/index.php,2632,a,href,https://shop.samsung.com/pk/my-account/wishlist,shop.samsung.com,e-commerce (leaves site)
./pages/shop-faq/index.php,565,a,href,https://shop.samsung.com/pk/cart,shop.samsung.com,e-commerce (leaves site)
./pages/shop-faq/index.php,2510,a,href,https://shop.samsung.com/pk/cart,shop.samsung.com,e-commerce (leaves site)
./pages/shop-faq/index.php,2559,a,href,https://shop.samsung.com/pk/track-order,shop.samsung.com,e-commerce (leaves site)
./pages/shop-faq/index.php,2621,a,href,https://shop.samsung.com/pk/my-account/profile,shop.samsung.com,e-commerce (leaves site)
./pages/shop-faq/index.php,2627,a,href,https://shop.samsung.com/pk/my-account/orders,shop.samsung.com,e-commerce (leaves site)
./pages/shop-faq/index.php,2633,a,href,https://shop.samsung.com/pk/my-account/wishlist,shop.samsung.com,e-commerce (leaves site)
./pages/sign-language/index.php,609,a,href,https://shop.samsung.com/pk/cart,shop.samsung.com,e-commerce (leaves site)
./pages/sign-language/index.php,2554,a,href,https://shop.samsung.com/pk/cart,shop.samsung.com,e-commerce (leaves site)
./pages/sign-language/index.php,2603,a,href,https://shop.samsung.com/pk/track-order,shop.samsung.com,e-commerce (leaves site)
./pages/sign-language/index.php,2665,a,href,https://shop.samsung.com/pk/my-account/profile,shop.samsung.com,e-commerce (leaves site)
./pages/sign-language/index.php,2671,a,href,https://shop.samsung.com/pk/my-account/orders,shop.samsung.com,e-commerce (leaves site)
./pages/sign-language/index.php,2677,a,href,https://shop.samsung.com/pk/my-account/wishlist,shop.samsung.com,e-commerce (leaves site)
./pages/smartphones/all-smartphones/index.php,570,a,href,https://shop.samsung.com/pk/cart,shop.samsung.com,e-commerce (leaves site)
./pages/smartphones/all-smartphones/index.php,2515,a,href,https://shop.samsung.com/pk/cart,shop.samsung.com,e-commerce (leaves site)
./pages/smartphones/all-smartphones/index.php,2564,a,href,https://shop.samsung.com/pk/track-order,shop.samsung.com,e-commerce (leaves site)
./pages/smartphones/all-smartphones/index.php,2626,a,href,https://shop.samsung.com/pk/my-account/profile,shop.samsung.com,e-commerce (leaves site)
./pages/smartphones/all-smartphones/index.php,2632,a,href,https://shop.samsung.com/pk/my-account/orders,shop.samsung.com,e-commerce (leaves site)
./pages/smartphones/all-smartphones/index.php,2638,a,href,https://shop.samsung.com/pk/my-account/wishlist,shop.samsung.com,e-commerce (leaves site)
./pages/smartphones/galaxy-a/galaxy-a57-5g/buy/index.php,155,link,href,https://shop.samsung.com,shop.samsung.com,e-commerce (leaves site)
./pages/smartphones/galaxy-a/galaxy-a57-5g/buy/index.php,985,a,href,https://shop.samsung.com/pk/cart,shop.samsung.com,e-commerce (leaves site)
./pages/smartphones/galaxy-a/galaxy-a57-5g/buy/index.php,2930,a,href,https://shop.samsung.com/pk/cart,shop.samsung.com,e-commerce (leaves site)
./pages/smartphones/galaxy-a/galaxy-a57-5g/buy/index.php,2979,a,href,https://shop.samsung.com/pk/track-order,shop.samsung.com,e-commerce (leaves site)
./pages/smartphones/galaxy-a/galaxy-a57-5g/buy/index.php,3041,a,href,https://shop.samsung.com/pk/my-account/profile,shop.samsung.com,e-commerce (leaves site)
./pages/smartphones/galaxy-a/galaxy-a57-5g/buy/index.php,3047,a,href,https://shop.samsung.com/pk/my-account/orders,shop.samsung.com,e-commerce (leaves site)
./pages/smartphones/galaxy-a/galaxy-a57-5g/buy/index.php,3053,a,href,https://shop.samsung.com/pk/my-account/wishlist,shop.samsung.com,e-commerce (leaves site)
./pages/smartphones/galaxy-a56-5g/buy/index.php,155,link,href,https://shop.samsung.com,shop.samsung.com,e-commerce (leaves site)
./pages/smartphones/galaxy-a56-5g/buy/index.php,985,a,href,https://shop.samsung.com/pk/cart,shop.samsung.com,e-commerce (leaves site)
./pages/smartphones/galaxy-a56-5g/buy/index.php,2930,a,href,https://shop.samsung.com/pk/cart,shop.samsung.com,e-commerce (leaves site)
./pages/smartphones/galaxy-a56-5g/buy/index.php,2979,a,href,https://shop.samsung.com/pk/track-order,shop.samsung.com,e-commerce (leaves site)
./pages/smartphones/galaxy-a56-5g/buy/index.php,3041,a,href,https://shop.samsung.com/pk/my-account/profile,shop.samsung.com,e-commerce (leaves site)
./pages/smartphones/galaxy-a56-5g/buy/index.php,3047,a,href,https://shop.samsung.com/pk/my-account/orders,shop.samsung.com,e-commerce (leaves site)
./pages/smartphones/galaxy-a56-5g/buy/index.php,3053,a,href,https://shop.samsung.com/pk/my-account/wishlist,shop.samsung.com,e-commerce (leaves site)
./pages/smartphones/galaxy-s/galaxy-s25-fe-navy-256gb-sm-s731bdbvpkd/index.php,667,a,href,https://shop.samsung.com/pk/cart,shop.samsung.com,e-commerce (leaves site)
./pages/smartphones/galaxy-s/galaxy-s25-fe-navy-256gb-sm-s731bdbvpkd/index.php,2612,a,href,https://shop.samsung.com/pk/cart,shop.samsung.com,e-commerce (leaves site)
./pages/smartphones/galaxy-s/galaxy-s25-fe-navy-256gb-sm-s731bdbvpkd/index.php,2661,a,href,https://shop.samsung.com/pk/track-order,shop.samsung.com,e-commerce (leaves site)
./pages/smartphones/galaxy-s/galaxy-s25-fe-navy-256gb-sm-s731bdbvpkd/index.php,2723,a,href,https://shop.samsung.com/pk/my-account/profile,shop.samsung.com,e-commerce (leaves site)
./pages/smartphones/galaxy-s/galaxy-s25-fe-navy-256gb-sm-s731bdbvpkd/index.php,2729,a,href,https://shop.samsung.com/pk/my-account/orders,shop.samsung.com,e-commerce (leaves site)
./pages/smartphones/galaxy-s/galaxy-s25-fe-navy-256gb-sm-s731bdbvpkd/index.php,2735,a,href,https://shop.samsung.com/pk/my-account/wishlist,shop.samsung.com,e-commerce (leaves site)
./pages/smartphones/galaxy-s25/buy/index.php,155,link,href,https://shop.samsung.com,shop.samsung.com,e-commerce (leaves site)
./pages/smartphones/galaxy-s25/buy/index.php,1995,a,href,https://shop.samsung.com/pk/cart,shop.samsung.com,e-commerce (leaves site)
./pages/smartphones/galaxy-s25/buy/index.php,3940,a,href,https://shop.samsung.com/pk/cart,shop.samsung.com,e-commerce (leaves site)
./pages/smartphones/galaxy-s25/buy/index.php,3989,a,href,https://shop.samsung.com/pk/track-order,shop.samsung.com,e-commerce (leaves site)
./pages/smartphones/galaxy-s25/buy/index.php,4051,a,href,https://shop.samsung.com/pk/my-account/profile,shop.samsung.com,e-commerce (leaves site)
./pages/smartphones/galaxy-s25/buy/index.php,4057,a,href,https://shop.samsung.com/pk/my-account/orders,shop.samsung.com,e-commerce (leaves site)
./pages/smartphones/galaxy-s25/buy/index.php,4063,a,href,https://shop.samsung.com/pk/my-account/wishlist,shop.samsung.com,e-commerce (leaves site)
./pages/smartphones/galaxy-s26/index.php,15579,a,href,https://shop.samsung.com/pk/cart,shop.samsung.com,e-commerce (leaves site)
./pages/smartphones/galaxy-s26/index.php,18100,a,href,https://shop.samsung.com/pk/cart,shop.samsung.com,e-commerce (leaves site)
./pages/smartphones/galaxy-s26/index.php,18165,a,href,https://shop.samsung.com/pk/track-order,shop.samsung.com,e-commerce (leaves site)
./pages/smartphones/galaxy-s26/index.php,18249,a,href,https://shop.samsung.com/pk/my-account/profile,shop.samsung.com,e-commerce (leaves site)
./pages/smartphones/galaxy-s26/index.php,18258,a,href,https://shop.samsung.com/pk/my-account/orders,shop.samsung.com,e-commerce (leaves site)
./pages/smartphones/galaxy-s26/index.php,18267,a,href,https://shop.samsung.com/pk/my-account/wishlist,shop.samsung.com,e-commerce (leaves site)
./pages/smartthings/index.php,584,a,href,https://shop.samsung.com/pk/cart,shop.samsung.com,e-commerce (leaves site)
./pages/smartthings/index.php,2529,a,href,https://shop.samsung.com/pk/cart,shop.samsung.com,e-commerce (leaves site)
./pages/smartthings/index.php,2578,a,href,https://shop.samsung.com/pk/track-order,shop.samsung.com,e-commerce (leaves site)
./pages/smartthings/index.php,2640,a,href,https://shop.samsung.com/pk/my-account/profile,shop.samsung.com,e-commerce (leaves site)
./pages/smartthings/index.php,2646,a,href,https://shop.samsung.com/pk/my-account/orders,shop.samsung.com,e-commerce (leaves site)
./pages/smartthings/index.php,2652,a,href,https://shop.samsung.com/pk/my-account/wishlist,shop.samsung.com,e-commerce (leaves site)
./pages/store-locator/index.php,594,a,href,https://shop.samsung.com/pk/cart,shop.samsung.com,e-commerce (leaves site)
./pages/store-locator/index.php,2539,a,href,https://shop.samsung.com/pk/cart,shop.samsung.com,e-commerce (leaves site)
./pages/store-locator/index.php,2588,a,href,https://shop.samsung.com/pk/track-order,shop.samsung.com,e-commerce (leaves site)
./pages/store-locator/index.php,2650,a,href,https://shop.samsung.com/pk/my-account/profile,shop.samsung.com,e-commerce (leaves site)
./pages/store-locator/index.php,2656,a,href,https://shop.samsung.com/pk/my-account/orders,shop.samsung.com,e-commerce (leaves site)
./pages/store-locator/index.php,2662,a,href,https://shop.samsung.com/pk/my-account/wishlist,shop.samsung.com,e-commerce (leaves site)
./pages/support/contact/index.php,587,a,href,https://shop.samsung.com/pk/cart,shop.samsung.com,e-commerce (leaves site)
./pages/support/contact/index.php,2532,a,href,https://shop.samsung.com/pk/cart,shop.samsung.com,e-commerce (leaves site)
./pages/support/contact/index.php,2581,a,href,https://shop.samsung.com/pk/track-order,shop.samsung.com,e-commerce (leaves site)
./pages/support/contact/index.php,2643,a,href,https://shop.samsung.com/pk/my-account/profile,shop.samsung.com,e-commerce (leaves site)
./pages/support/contact/index.php,2649,a,href,https://shop.samsung.com/pk/my-account/orders,shop.samsung.com,e-commerce (leaves site)
./pages/support/contact/index.php,2655,a,href,https://shop.samsung.com/pk/my-account/wishlist,shop.samsung.com,e-commerce (leaves site)
./pages/support/index.php,562,a,href,https://shop.samsung.com/pk/cart,shop.samsung.com,e-commerce (leaves site)
./pages/support/index.php,2507,a,href,https://shop.samsung.com/pk/cart,shop.samsung.com,e-commerce (leaves site)
./pages/support/index.php,2556,a,href,https://shop.samsung.com/pk/track-order,shop.samsung.com,e-commerce (leaves site)
./pages/support/index.php,2618,a,href,https://shop.samsung.com/pk/my-account/profile,shop.samsung.com,e-commerce (leaves site)
./pages/support/index.php,2624,a,href,https://shop.samsung.com/pk/my-account/orders,shop.samsung.com,e-commerce (leaves site)
./pages/support/index.php,2630,a,href,https://shop.samsung.com/pk/my-account/wishlist,shop.samsung.com,e-commerce (leaves site)
./pages/support/newsalert/index.php,534,a,href,https://shop.samsung.com/pk/cart,shop.samsung.com,e-commerce (leaves site)
./pages/support/newsalert/index.php,2479,a,href,https://shop.samsung.com/pk/cart,shop.samsung.com,e-commerce (leaves site)
./pages/support/newsalert/index.php,2528,a,href,https://shop.samsung.com/pk/track-order,shop.samsung.com,e-commerce (leaves site)
./pages/support/newsalert/index.php,2590,a,href,https://shop.samsung.com/pk/my-account/profile,shop.samsung.com,e-commerce (leaves site)
./pages/support/newsalert/index.php,2596,a,href,https://shop.samsung.com/pk/my-account/orders,shop.samsung.com,e-commerce (leaves site)
./pages/support/newsalert/index.php,2602,a,href,https://shop.samsung.com/pk/my-account/wishlist,shop.samsung.com,e-commerce (leaves site)
./pages/support/repair-price/index.php,583,a,href,https://shop.samsung.com/pk/cart,shop.samsung.com,e-commerce (leaves site)
./pages/support/repair-price/index.php,2528,a,href,https://shop.samsung.com/pk/cart,shop.samsung.com,e-commerce (leaves site)
./pages/support/repair-price/index.php,2577,a,href,https://shop.samsung.com/pk/track-order,shop.samsung.com,e-commerce (leaves site)
./pages/support/repair-price/index.php,2639,a,href,https://shop.samsung.com/pk/my-account/profile,shop.samsung.com,e-commerce (leaves site)
./pages/support/repair-price/index.php,2645,a,href,https://shop.samsung.com/pk/my-account/orders,shop.samsung.com,e-commerce (leaves site)
./pages/support/repair-price/index.php,2651,a,href,https://shop.samsung.com/pk/my-account/wishlist,shop.samsung.com,e-commerce (leaves site)
./pages/support/repair-price/index.php,9373,a,href,https://shop.samsung.com/ae/track-order,shop.samsung.com,e-commerce (leaves site)
./pages/support/repair-price/index.php,9516,a,href,https://shop.samsung.com/ae/track-order,shop.samsung.com,e-commerce (leaves site)
./pages/support/service-center/index.php,603,a,href,https://shop.samsung.com/pk/cart,shop.samsung.com,e-commerce (leaves site)
./pages/support/service-center/index.php,2548,a,href,https://shop.samsung.com/pk/cart,shop.samsung.com,e-commerce (leaves site)
./pages/support/service-center/index.php,2597,a,href,https://shop.samsung.com/pk/track-order,shop.samsung.com,e-commerce (leaves site)
./pages/support/service-center/index.php,2659,a,href,https://shop.samsung.com/pk/my-account/profile,shop.samsung.com,e-commerce (leaves site)
./pages/support/service-center/index.php,2665,a,href,https://shop.samsung.com/pk/my-account/orders,shop.samsung.com,e-commerce (leaves site)
./pages/support/service-center/index.php,2671,a,href,https://shop.samsung.com/pk/my-account/wishlist,shop.samsung.com,e-commerce (leaves site)
./pages/support/user-manuals-and-guide/index.php,552,a,href,https://shop.samsung.com/pk/cart,shop.samsung.com,e-commerce (leaves site)
./pages/support/user-manuals-and-guide/index.php,2497,a,href,https://shop.samsung.com/pk/cart,shop.samsung.com,e-commerce (leaves site)
./pages/support/user-manuals-and-guide/index.php,2546,a,href,https://shop.samsung.com/pk/track-order,shop.samsung.com,e-commerce (leaves site)
./pages/support/user-manuals-and-guide/index.php,2608,a,href,https://shop.samsung.com/pk/my-account/profile,shop.samsung.com,e-commerce (leaves site)
./pages/support/user-manuals-and-guide/index.php,2614,a,href,https://shop.samsung.com/pk/my-account/orders,shop.samsung.com,e-commerce (leaves site)
./pages/support/user-manuals-and-guide/index.php,2620,a,href,https://shop.samsung.com/pk/my-account/wishlist,shop.samsung.com,e-commerce (leaves site)
./pages/support/warranty/index.php,554,a,href,https://shop.samsung.com/pk/cart,shop.samsung.com,e-commerce (leaves site)
./pages/support/warranty/index.php,2499,a,href,https://shop.samsung.com/pk/cart,shop.samsung.com,e-commerce (leaves site)
./pages/support/warranty/index.php,2548,a,href,https://shop.samsung.com/pk/track-order,shop.samsung.com,e-commerce (leaves site)
./pages/support/warranty/index.php,2610,a,href,https://shop.samsung.com/pk/my-account/profile,shop.samsung.com,e-commerce (leaves site)
./pages/support/warranty/index.php,2616,a,href,https://shop.samsung.com/pk/my-account/orders,shop.samsung.com,e-commerce (leaves site)
./pages/support/warranty/index.php,2622,a,href,https://shop.samsung.com/pk/my-account/wishlist,shop.samsung.com,e-commerce (leaves site)
./pages/sustainability/accessibility/overview/index.php,602,a,href,https://shop.samsung.com/pk/cart,shop.samsung.com,e-commerce (leaves site)
./pages/sustainability/accessibility/overview/index.php,2547,a,href,https://shop.samsung.com/pk/cart,shop.samsung.com,e-commerce (leaves site)
./pages/sustainability/accessibility/overview/index.php,2596,a,href,https://shop.samsung.com/pk/track-order,shop.samsung.com,e-commerce (leaves site)
./pages/sustainability/accessibility/overview/index.php,2658,a,href,https://shop.samsung.com/pk/my-account/profile,shop.samsung.com,e-commerce (leaves site)
./pages/sustainability/accessibility/overview/index.php,2664,a,href,https://shop.samsung.com/pk/my-account/orders,shop.samsung.com,e-commerce (leaves site)
./pages/sustainability/accessibility/overview/index.php,2670,a,href,https://shop.samsung.com/pk/my-account/wishlist,shop.samsung.com,e-commerce (leaves site)
./pages/sustainability/environment/index.php,608,a,href,https://shop.samsung.com/pk/cart,shop.samsung.com,e-commerce (leaves site)
./pages/sustainability/environment/index.php,2553,a,href,https://shop.samsung.com/pk/cart,shop.samsung.com,e-commerce (leaves site)
./pages/sustainability/environment/index.php,2602,a,href,https://shop.samsung.com/pk/track-order,shop.samsung.com,e-commerce (leaves site)
./pages/sustainability/environment/index.php,2664,a,href,https://shop.samsung.com/pk/my-account/profile,shop.samsung.com,e-commerce (leaves site)
./pages/sustainability/environment/index.php,2670,a,href,https://shop.samsung.com/pk/my-account/orders,shop.samsung.com,e-commerce (leaves site)
./pages/sustainability/environment/index.php,2676,a,href,https://shop.samsung.com/pk/my-account/wishlist,shop.samsung.com,e-commerce (leaves site)
./pages/sustainability/environment/index.php,4472,a,href,https://shop.samsung.com/br/ecotroca,shop.samsung.com,e-commerce (leaves site)
./pages/sustainability/environment/index.php,4582,a,href,https://shop.samsung.com/latin/cac/cr/eco-canje,shop.samsung.com,e-commerce (leaves site)
./pages/sustainability/environment/index.php,4630,a,href,https://shop.samsung.com/latin/ecu/ec/eco-canje,shop.samsung.com,e-commerce (leaves site)
./pages/sustainability/inclusive-workplace/index.php,600,a,href,https://shop.samsung.com/pk/cart,shop.samsung.com,e-commerce (leaves site)
./pages/sustainability/inclusive-workplace/index.php,2545,a,href,https://shop.samsung.com/pk/cart,shop.samsung.com,e-commerce (leaves site)
./pages/sustainability/inclusive-workplace/index.php,2594,a,href,https://shop.samsung.com/pk/track-order,shop.samsung.com,e-commerce (leaves site)
./pages/sustainability/inclusive-workplace/index.php,2656,a,href,https://shop.samsung.com/pk/my-account/profile,shop.samsung.com,e-commerce (leaves site)
./pages/sustainability/inclusive-workplace/index.php,2662,a,href,https://shop.samsung.com/pk/my-account/orders,shop.samsung.com,e-commerce (leaves site)
./pages/sustainability/inclusive-workplace/index.php,2668,a,href,https://shop.samsung.com/pk/my-account/wishlist,shop.samsung.com,e-commerce (leaves site)
./pages/sustainability/security-and-privacy/index.php,598,a,href,https://shop.samsung.com/pk/cart,shop.samsung.com,e-commerce (leaves site)
./pages/sustainability/security-and-privacy/index.php,2543,a,href,https://shop.samsung.com/pk/cart,shop.samsung.com,e-commerce (leaves site)
./pages/sustainability/security-and-privacy/index.php,2592,a,href,https://shop.samsung.com/pk/track-order,shop.samsung.com,e-commerce (leaves site)
./pages/sustainability/security-and-privacy/index.php,2654,a,href,https://shop.samsung.com/pk/my-account/profile,shop.samsung.com,e-commerce (leaves site)
./pages/sustainability/security-and-privacy/index.php,2660,a,href,https://shop.samsung.com/pk/my-account/orders,shop.samsung.com,e-commerce (leaves site)
./pages/sustainability/security-and-privacy/index.php,2666,a,href,https://shop.samsung.com/pk/my-account/wishlist,shop.samsung.com,e-commerce (leaves site)
./pages/tablets/all-tablets/index.php,571,a,href,https://shop.samsung.com/pk/cart,shop.samsung.com,e-commerce (leaves site)
./pages/tablets/all-tablets/index.php,2516,a,href,https://shop.samsung.com/pk/cart,shop.samsung.com,e-commerce (leaves site)
./pages/tablets/all-tablets/index.php,2565,a,href,https://shop.samsung.com/pk/track-order,shop.samsung.com,e-commerce (leaves site)
./pages/tablets/all-tablets/index.php,2627,a,href,https://shop.samsung.com/pk/my-account/profile,shop.samsung.com,e-commerce (leaves site)
./pages/tablets/all-tablets/index.php,2633,a,href,https://shop.samsung.com/pk/my-account/orders,shop.samsung.com,e-commerce (leaves site)
./pages/tablets/all-tablets/index.php,2639,a,href,https://shop.samsung.com/pk/my-account/wishlist,shop.samsung.com,e-commerce (leaves site)
./pages/tablets/galaxy-tab-s/galaxy-tab-s9-fe-5g-gray-128gb-sm-x516bzaamea/index.php,665,a,href,https://shop.samsung.com/pk/cart,shop.samsung.com,e-commerce (leaves site)
./pages/tablets/galaxy-tab-s/galaxy-tab-s9-fe-5g-gray-128gb-sm-x516bzaamea/index.php,2610,a,href,https://shop.samsung.com/pk/cart,shop.samsung.com,e-commerce (leaves site)
./pages/tablets/galaxy-tab-s/galaxy-tab-s9-fe-5g-gray-128gb-sm-x516bzaamea/index.php,2659,a,href,https://shop.samsung.com/pk/track-order,shop.samsung.com,e-commerce (leaves site)
./pages/tablets/galaxy-tab-s/galaxy-tab-s9-fe-5g-gray-128gb-sm-x516bzaamea/index.php,2721,a,href,https://shop.samsung.com/pk/my-account/profile,shop.samsung.com,e-commerce (leaves site)
./pages/tablets/galaxy-tab-s/galaxy-tab-s9-fe-5g-gray-128gb-sm-x516bzaamea/index.php,2727,a,href,https://shop.samsung.com/pk/my-account/orders,shop.samsung.com,e-commerce (leaves site)
./pages/tablets/galaxy-tab-s/galaxy-tab-s9-fe-5g-gray-128gb-sm-x516bzaamea/index.php,2733,a,href,https://shop.samsung.com/pk/my-account/wishlist,shop.samsung.com,e-commerce (leaves site)
./pages/tv-accessories/all-tv-accessories/index.php,584,a,href,https://shop.samsung.com/pk/cart,shop.samsung.com,e-commerce (leaves site)
./pages/tv-accessories/all-tv-accessories/index.php,2529,a,href,https://shop.samsung.com/pk/cart,shop.samsung.com,e-commerce (leaves site)
./pages/tv-accessories/all-tv-accessories/index.php,2578,a,href,https://shop.samsung.com/pk/track-order,shop.samsung.com,e-commerce (leaves site)
./pages/tv-accessories/all-tv-accessories/index.php,2640,a,href,https://shop.samsung.com/pk/my-account/profile,shop.samsung.com,e-commerce (leaves site)
./pages/tv-accessories/all-tv-accessories/index.php,2646,a,href,https://shop.samsung.com/pk/my-account/orders,shop.samsung.com,e-commerce (leaves site)
./pages/tv-accessories/all-tv-accessories/index.php,2652,a,href,https://shop.samsung.com/pk/my-account/wishlist,shop.samsung.com,e-commerce (leaves site)
./pages/tvs/all-tvs/index.php,580,a,href,https://shop.samsung.com/pk/cart,shop.samsung.com,e-commerce (leaves site)
./pages/tvs/all-tvs/index.php,2525,a,href,https://shop.samsung.com/pk/cart,shop.samsung.com,e-commerce (leaves site)
./pages/tvs/all-tvs/index.php,2574,a,href,https://shop.samsung.com/pk/track-order,shop.samsung.com,e-commerce (leaves site)
./pages/tvs/all-tvs/index.php,2636,a,href,https://shop.samsung.com/pk/my-account/profile,shop.samsung.com,e-commerce (leaves site)
./pages/tvs/all-tvs/index.php,2642,a,href,https://shop.samsung.com/pk/my-account/orders,shop.samsung.com,e-commerce (leaves site)
./pages/tvs/all-tvs/index.php,2648,a,href,https://shop.samsung.com/pk/my-account/wishlist,shop.samsung.com,e-commerce (leaves site)
./pages/tvs/help-me-choose/index.php,580,a,href,https://shop.samsung.com/pk/cart,shop.samsung.com,e-commerce (leaves site)
./pages/tvs/help-me-choose/index.php,2525,a,href,https://shop.samsung.com/pk/cart,shop.samsung.com,e-commerce (leaves site)
./pages/tvs/help-me-choose/index.php,2574,a,href,https://shop.samsung.com/pk/track-order,shop.samsung.com,e-commerce (leaves site)
./pages/tvs/help-me-choose/index.php,2636,a,href,https://shop.samsung.com/pk/my-account/profile,shop.samsung.com,e-commerce (leaves site)
./pages/tvs/help-me-choose/index.php,2642,a,href,https://shop.samsung.com/pk/my-account/orders,shop.samsung.com,e-commerce (leaves site)
./pages/tvs/help-me-choose/index.php,2648,a,href,https://shop.samsung.com/pk/my-account/wishlist,shop.samsung.com,e-commerce (leaves site)
./pages/tvs/neo-qled-tvs/index.php,582,a,href,https://shop.samsung.com/pk/cart,shop.samsung.com,e-commerce (leaves site)
./pages/tvs/neo-qled-tvs/index.php,2527,a,href,https://shop.samsung.com/pk/cart,shop.samsung.com,e-commerce (leaves site)
./pages/tvs/neo-qled-tvs/index.php,2576,a,href,https://shop.samsung.com/pk/track-order,shop.samsung.com,e-commerce (leaves site)
./pages/tvs/neo-qled-tvs/index.php,2638,a,href,https://shop.samsung.com/pk/my-account/profile,shop.samsung.com,e-commerce (leaves site)
./pages/tvs/neo-qled-tvs/index.php,2644,a,href,https://shop.samsung.com/pk/my-account/orders,shop.samsung.com,e-commerce (leaves site)
./pages/tvs/neo-qled-tvs/index.php,2650,a,href,https://shop.samsung.com/pk/my-account/wishlist,shop.samsung.com,e-commerce (leaves site)
./pages/tvs/oled-tv/highlights/index.php,609,a,href,https://shop.samsung.com/pk/cart,shop.samsung.com,e-commerce (leaves site)
./pages/tvs/oled-tv/highlights/index.php,2554,a,href,https://shop.samsung.com/pk/cart,shop.samsung.com,e-commerce (leaves site)
./pages/tvs/oled-tv/highlights/index.php,2603,a,href,https://shop.samsung.com/pk/track-order,shop.samsung.com,e-commerce (leaves site)
./pages/tvs/oled-tv/highlights/index.php,2665,a,href,https://shop.samsung.com/pk/my-account/profile,shop.samsung.com,e-commerce (leaves site)
./pages/tvs/oled-tv/highlights/index.php,2671,a,href,https://shop.samsung.com/pk/my-account/orders,shop.samsung.com,e-commerce (leaves site)
./pages/tvs/oled-tv/highlights/index.php,2677,a,href,https://shop.samsung.com/pk/my-account/wishlist,shop.samsung.com,e-commerce (leaves site)
./pages/tvs/oled-tv/index.php,582,a,href,https://shop.samsung.com/pk/cart,shop.samsung.com,e-commerce (leaves site)
./pages/tvs/oled-tv/index.php,2527,a,href,https://shop.samsung.com/pk/cart,shop.samsung.com,e-commerce (leaves site)
./pages/tvs/oled-tv/index.php,2576,a,href,https://shop.samsung.com/pk/track-order,shop.samsung.com,e-commerce (leaves site)
./pages/tvs/oled-tv/index.php,2638,a,href,https://shop.samsung.com/pk/my-account/profile,shop.samsung.com,e-commerce (leaves site)
./pages/tvs/oled-tv/index.php,2644,a,href,https://shop.samsung.com/pk/my-account/orders,shop.samsung.com,e-commerce (leaves site)
./pages/tvs/oled-tv/index.php,2650,a,href,https://shop.samsung.com/pk/my-account/wishlist,shop.samsung.com,e-commerce (leaves site)
./pages/tvs/qled-tv/index.php,586,a,href,https://shop.samsung.com/pk/cart,shop.samsung.com,e-commerce (leaves site)
./pages/tvs/qled-tv/index.php,2531,a,href,https://shop.samsung.com/pk/cart,shop.samsung.com,e-commerce (leaves site)
./pages/tvs/qled-tv/index.php,2580,a,href,https://shop.samsung.com/pk/track-order,shop.samsung.com,e-commerce (leaves site)
./pages/tvs/qled-tv/index.php,2642,a,href,https://shop.samsung.com/pk/my-account/profile,shop.samsung.com,e-commerce (leaves site)
./pages/tvs/qled-tv/index.php,2648,a,href,https://shop.samsung.com/pk/my-account/orders,shop.samsung.com,e-commerce (leaves site)
./pages/tvs/qled-tv/index.php,2654,a,href,https://shop.samsung.com/pk/my-account/wishlist,shop.samsung.com,e-commerce (leaves site)
./pages/tvs/qled-tv/q7f-55-inch-qled-4k-smart-tv-qa55q7faausmm/index.php,706,a,href,https://shop.samsung.com/pk/cart,shop.samsung.com,e-commerce (leaves site)
./pages/tvs/qled-tv/q7f-55-inch-qled-4k-smart-tv-qa55q7faausmm/index.php,2651,a,href,https://shop.samsung.com/pk/cart,shop.samsung.com,e-commerce (leaves site)
./pages/tvs/qled-tv/q7f-55-inch-qled-4k-smart-tv-qa55q7faausmm/index.php,2700,a,href,https://shop.samsung.com/pk/track-order,shop.samsung.com,e-commerce (leaves site)
./pages/tvs/qled-tv/q7f-55-inch-qled-4k-smart-tv-qa55q7faausmm/index.php,2762,a,href,https://shop.samsung.com/pk/my-account/profile,shop.samsung.com,e-commerce (leaves site)
./pages/tvs/qled-tv/q7f-55-inch-qled-4k-smart-tv-qa55q7faausmm/index.php,2768,a,href,https://shop.samsung.com/pk/my-account/orders,shop.samsung.com,e-commerce (leaves site)
./pages/tvs/qled-tv/q7f-55-inch-qled-4k-smart-tv-qa55q7faausmm/index.php,2774,a,href,https://shop.samsung.com/pk/my-account/wishlist,shop.samsung.com,e-commerce (leaves site)
./pages/tvs/uhd-4k-tv/du7000-65-inch-crystal-uhd-4k-tizen-os-smart-tv-ua65du7000uswk/index.php,706,a,href,https://shop.samsung.com/pk/cart,shop.samsung.com,e-commerce (leaves site)
./pages/tvs/uhd-4k-tv/du7000-65-inch-crystal-uhd-4k-tizen-os-smart-tv-ua65du7000uswk/index.php,2651,a,href,https://shop.samsung.com/pk/cart,shop.samsung.com,e-commerce (leaves site)
./pages/tvs/uhd-4k-tv/du7000-65-inch-crystal-uhd-4k-tizen-os-smart-tv-ua65du7000uswk/index.php,2700,a,href,https://shop.samsung.com/pk/track-order,shop.samsung.com,e-commerce (leaves site)
./pages/tvs/uhd-4k-tv/du7000-65-inch-crystal-uhd-4k-tizen-os-smart-tv-ua65du7000uswk/index.php,2762,a,href,https://shop.samsung.com/pk/my-account/profile,shop.samsung.com,e-commerce (leaves site)
./pages/tvs/uhd-4k-tv/du7000-65-inch-crystal-uhd-4k-tizen-os-smart-tv-ua65du7000uswk/index.php,2768,a,href,https://shop.samsung.com/pk/my-account/orders,shop.samsung.com,e-commerce (leaves site)
./pages/tvs/uhd-4k-tv/du7000-65-inch-crystal-uhd-4k-tizen-os-smart-tv-ua65du7000uswk/index.php,2774,a,href,https://shop.samsung.com/pk/my-account/wishlist,shop.samsung.com,e-commerce (leaves site)
./pages/tvs/vision-ai-tv/index.php,599,a,href,https://shop.samsung.com/pk/cart,shop.samsung.com,e-commerce (leaves site)
./pages/tvs/vision-ai-tv/index.php,2544,a,href,https://shop.samsung.com/pk/cart,shop.samsung.com,e-commerce (leaves site)
./pages/tvs/vision-ai-tv/index.php,2593,a,href,https://shop.samsung.com/pk/track-order,shop.samsung.com,e-commerce (leaves site)
./pages/tvs/vision-ai-tv/index.php,2655,a,href,https://shop.samsung.com/pk/my-account/profile,shop.samsung.com,e-commerce (leaves site)
./pages/tvs/vision-ai-tv/index.php,2661,a,href,https://shop.samsung.com/pk/my-account/orders,shop.samsung.com,e-commerce (leaves site)
./pages/tvs/vision-ai-tv/index.php,2667,a,href,https://shop.samsung.com/pk/my-account/wishlist,shop.samsung.com,e-commerce (leaves site)
./pages/washers-and-dryers/all-washers-and-dryers/index.php,580,a,href,https://shop.samsung.com/pk/cart,shop.samsung.com,e-commerce (leaves site)
./pages/washers-and-dryers/all-washers-and-dryers/index.php,2525,a,href,https://shop.samsung.com/pk/cart,shop.samsung.com,e-commerce (leaves site)
./pages/washers-and-dryers/all-washers-and-dryers/index.php,2574,a,href,https://shop.samsung.com/pk/track-order,shop.samsung.com,e-commerce (leaves site)
./pages/washers-and-dryers/all-washers-and-dryers/index.php,2636,a,href,https://shop.samsung.com/pk/my-account/profile,shop.samsung.com,e-commerce (leaves site)
./pages/washers-and-dryers/all-washers-and-dryers/index.php,2642,a,href,https://shop.samsung.com/pk/my-account/orders,shop.samsung.com,e-commerce (leaves site)
./pages/washers-and-dryers/all-washers-and-dryers/index.php,2648,a,href,https://shop.samsung.com/pk/my-account/wishlist,shop.samsung.com,e-commerce (leaves site)
./pages/washers-and-dryers/washing-machines/wa5000c-top-load-ecobubble-digital-inverter-technology-super-speed-15kg-dark-gray-wa15ck5745bdrt/index.php,706,a,href,https://shop.samsung.com/pk/cart,shop.samsung.com,e-commerce (leaves site)
./pages/washers-and-dryers/washing-machines/wa5000c-top-load-ecobubble-digital-inverter-technology-super-speed-15kg-dark-gray-wa15ck5745bdrt/index.php,2651,a,href,https://shop.samsung.com/pk/cart,shop.samsung.com,e-commerce (leaves site)
./pages/washers-and-dryers/washing-machines/wa5000c-top-load-ecobubble-digital-inverter-technology-super-speed-15kg-dark-gray-wa15ck5745bdrt/index.php,2700,a,href,https://shop.samsung.com/pk/track-order,shop.samsung.com,e-commerce (leaves site)
./pages/washers-and-dryers/washing-machines/wa5000c-top-load-ecobubble-digital-inverter-technology-super-speed-15kg-dark-gray-wa15ck5745bdrt/index.php,2762,a,href,https://shop.samsung.com/pk/my-account/profile,shop.samsung.com,e-commerce (leaves site)
./pages/washers-and-dryers/washing-machines/wa5000c-top-load-ecobubble-digital-inverter-technology-super-speed-15kg-dark-gray-wa15ck5745bdrt/index.php,2768,a,href,https://shop.samsung.com/pk/my-account/orders,shop.samsung.com,e-commerce (leaves site)
./pages/washers-and-dryers/washing-machines/wa5000c-top-load-ecobubble-digital-inverter-technology-super-speed-15kg-dark-gray-wa15ck5745bdrt/index.php,2774,a,href,https://shop.samsung.com/pk/my-account/wishlist,shop.samsung.com,e-commerce (leaves site)
./pages/washers-and-dryers/washing-machines/ww5000d-front-loading-smartthings-ai-energy-mode-a-10-percent-extra-energy-efficiency-ai-ecobubble-9kg-black-ww90dg5u34abfa/index.php,706,a,href,https://shop.samsung.com/pk/cart,shop.samsung.com,e-commerce (leaves site)
./pages/washers-and-dryers/washing-machines/ww5000d-front-loading-smartthings-ai-energy-mode-a-10-percent-extra-energy-efficiency-ai-ecobubble-9kg-black-ww90dg5u34abfa/index.php,2651,a,href,https://shop.samsung.com/pk/cart,shop.samsung.com,e-commerce (leaves site)
./pages/washers-and-dryers/washing-machines/ww5000d-front-loading-smartthings-ai-energy-mode-a-10-percent-extra-energy-efficiency-ai-ecobubble-9kg-black-ww90dg5u34abfa/index.php,2700,a,href,https://shop.samsung.com/pk/track-order,shop.samsung.com,e-commerce (leaves site)
./pages/washers-and-dryers/washing-machines/ww5000d-front-loading-smartthings-ai-energy-mode-a-10-percent-extra-energy-efficiency-ai-ecobubble-9kg-black-ww90dg5u34abfa/index.php,2762,a,href,https://shop.samsung.com/pk/my-account/profile,shop.samsung.com,e-commerce (leaves site)
./pages/washers-and-dryers/washing-machines/ww5000d-front-loading-smartthings-ai-energy-mode-a-10-percent-extra-energy-efficiency-ai-ecobubble-9kg-black-ww90dg5u34abfa/index.php,2768,a,href,https://shop.samsung.com/pk/my-account/orders,shop.samsung.com,e-commerce (leaves site)
./pages/washers-and-dryers/washing-machines/ww5000d-front-loading-smartthings-ai-energy-mode-a-10-percent-extra-energy-efficiency-ai-ecobubble-9kg-black-ww90dg5u34abfa/index.php,2774,a,href,https://shop.samsung.com/pk/my-account/wishlist,shop.samsung.com,e-commerce (leaves site)
./pages/watches/all-watches/index.php,572,a,href,https://shop.samsung.com/pk/cart,shop.samsung.com,e-commerce (leaves site)
./pages/watches/all-watches/index.php,2517,a,href,https://shop.samsung.com/pk/cart,shop.samsung.com,e-commerce (leaves site)
./pages/watches/all-watches/index.php,2566,a,href,https://shop.samsung.com/pk/track-order,shop.samsung.com,e-commerce (leaves site)
./pages/watches/all-watches/index.php,2628,a,href,https://shop.samsung.com/pk/my-account/profile,shop.samsung.com,e-commerce (leaves site)
./pages/watches/all-watches/index.php,2634,a,href,https://shop.samsung.com/pk/my-account/orders,shop.samsung.com,e-commerce (leaves site)
./pages/watches/all-watches/index.php,2640,a,href,https://shop.samsung.com/pk/my-account/wishlist,shop.samsung.com,e-commerce (leaves site)
./pages/watches/galaxy-watch/galaxy-watch8-44mm-silver-bluetooth-sm-l330nzsamea/index.php,665,a,href,https://shop.samsung.com/pk/cart,shop.samsung.com,e-commerce (leaves site)
./pages/watches/galaxy-watch/galaxy-watch8-44mm-silver-bluetooth-sm-l330nzsamea/index.php,2610,a,href,https://shop.samsung.com/pk/cart,shop.samsung.com,e-commerce (leaves site)
./pages/watches/galaxy-watch/galaxy-watch8-44mm-silver-bluetooth-sm-l330nzsamea/index.php,2659,a,href,https://shop.samsung.com/pk/track-order,shop.samsung.com,e-commerce (leaves site)
./pages/watches/galaxy-watch/galaxy-watch8-44mm-silver-bluetooth-sm-l330nzsamea/index.php,2721,a,href,https://shop.samsung.com/pk/my-account/profile,shop.samsung.com,e-commerce (leaves site)
./pages/watches/galaxy-watch/galaxy-watch8-44mm-silver-bluetooth-sm-l330nzsamea/index.php,2727,a,href,https://shop.samsung.com/pk/my-account/orders,shop.samsung.com,e-commerce (leaves site)
./pages/watches/galaxy-watch/galaxy-watch8-44mm-silver-bluetooth-sm-l330nzsamea/index.php,2733,a,href,https://shop.samsung.com/pk/my-account/wishlist,shop.samsung.com,e-commerce (leaves site)
./previous-index.php,5124,a,href,https://shop.samsung.com/pk/cart,shop.samsung.com,e-commerce (leaves site)
./previous-index.php,7905,a,href,https://shop.samsung.com/pk/cart,shop.samsung.com,e-commerce (leaves site)
./previous-index.php,7985,a,href,https://shop.samsung.com/pk/track-order,shop.samsung.com,e-commerce (leaves site)
./previous-index.php,8090,a,href,https://shop.samsung.com/pk/my-account/profile,shop.samsung.com,e-commerce (leaves site)
./previous-index.php,8104,a,href,https://shop.samsung.com/pk/my-account/orders,shop.samsung.com,e-commerce (leaves site)
./previous-index.php,8118,a,href,https://shop.samsung.com/pk/my-account/wishlist,shop.samsung.com,e-commerce (leaves site)
./index.php,5321,a,href,https://wa.me/+9203327267864,wa.me,social / messaging
./pages/about-us/brand-identity/index.php,4515,a,href,https://wa.me/+9203327267864,wa.me,social / messaging
./pages/about-us/business-area/index.php,4848,a,href,https://wa.me/+9203327267864,wa.me,social / messaging
./pages/about-us/careers/index.php,4682,a,href,https://wa.me/+9203327267864,wa.me,social / messaging
./pages/about-us/company-info/index.php,6827,a,href,https://wa.me/+9203327267864,wa.me,social / messaging
./pages/about-us/ethics/index.php,4867,a,href,https://wa.me/+9203327267864,wa.me,social / messaging
./pages/air-conditioners/all-air-conditioners/index.php,5974,a,href,https://wa.me/+9203327267864,wa.me,social / messaging
./pages/air-conditioners/wall-mount/ar9500t-ar18asfzgwk2pm/index.php,10527,a,href,https://wa.me/+9203327267864,wa.me,social / messaging
./pages/air-conditioners/wall-mount/ar9500t-ar50f12c1uhnsa-non-windfree-ar50f18c1nh2pm/index.php,12548,a,href,https://wa.me/+9203327267864,wa.me,social / messaging
./pages/apps/index.php,8075,a,href,https://wa.me/+9203327267864,wa.me,social / messaging
./pages/apps/samsung-health/index.php,9046,a,href,https://wa.me/+9203327267864,wa.me,social / messaging
./pages/audio-sound/all-audio-sound/index.php,6155,a,href,https://wa.me/+9203327267864,wa.me,social / messaging
./pages/audio-sound/galaxy-buds/galaxy-buds4-pro-black-sm-r640nzkamea/index.php,11900,a,href,https://wa.me/+9203327267864,wa.me,social / messaging
./pages/business/index.php,6169,a,href,https://wa.me/+9203327267864,wa.me,social / messaging
./pages/buy-direct-get-more/index.php,6181,a,href,https://wa.me/+9203327267864,wa.me,social / messaging
./pages/dishwashers/all-dishwashers/index.php,5648,a,href,https://wa.me/+9203327267864,wa.me,social / messaging
./pages/dishwashers/built-in/dw7700b-dw60dg790i00-energy-efficiency-waterjet-clean-14-place-settings-silver-dw60dg790fslgu/index.php,10850,a,href,https://wa.me/+9203327267864,wa.me,social / messaging
./pages/explore/index.php,5826,a,href,https://wa.me/+9203327267864,wa.me,social / messaging
./pages/function/ipredirection/ipredirectionLocalList/index.php,4643,a,href,https://wa.me/+9203327267864,wa.me,social / messaging
./pages/galaxy-ai/index.php,7347,a,href,https://wa.me/+9203327267864,wa.me,social / messaging
./pages/home-appliances/buying-guide/index.php,4437,a,href,https://wa.me/+9203327267864,wa.me,social / messaging
./pages/home-appliances/faq/index.php,4450,a,href,https://wa.me/+9203327267864,wa.me,social / messaging
./pages/index.php,5318,a,href,https://wa.me/+9203327267864,wa.me,social / messaging
./pages/info/legal/index.php,4028,a,href,https://wa.me/+9203327267864,wa.me,social / messaging
./pages/info/privacy/index.php,4534,a,href,https://wa.me/+9203327267864,wa.me,social / messaging
./pages/info/sitemap/index.php,4764,a,href,https://wa.me/+9203327267864,wa.me,social / messaging
./pages/innovation-campus/index.php,4754,a,href,https://wa.me/+9203327267864,wa.me,social / messaging
./pages/lifestyle-tvs/all-lifestyle-tvs/index.php,5977,a,href,https://wa.me/+9203327267864,wa.me,social / messaging
./pages/lifestyle-tvs/the-frame/highlights/index.php,5794,a,href,https://wa.me/+9203327267864,wa.me,social / messaging
./pages/lifestyle-tvs/the-frame/ls03f-65-inch-art-store-black-qa65ls03fausmm/index.php,13270,a,href,https://wa.me/+9203327267864,wa.me,social / messaging
./pages/mobile-accessories/all-mobile-accessories/index.php,7260,a,href,https://wa.me/+9203327267864,wa.me,social / messaging
./pages/mobile/find-your-galaxy/index.php,7028,a,href,https://wa.me/+9203327267864,wa.me,social / messaging
./pages/mobile/index.php,8641,a,href,https://wa.me/+9203327267864,wa.me,social / messaging
./pages/mobile/switch-to-galaxy/index.php,6946,a,href,https://wa.me/+9203327267864,wa.me,social / messaging
./pages/monitors/all-monitors/index.php,7499,a,href,https://wa.me/+9203327267864,wa.me,social / messaging
./pages/monitors/full-hd-1080p/index.php,5593,a,href,https://wa.me/+9203327267864,wa.me,social / messaging
./pages/monitors/gaming/index.php,6861,a,href,https://wa.me/+9203327267864,wa.me,social / messaging
./pages/monitors/gaming/odyssey-g5-34-inch-165hz-curved-ultra-wqhd-lc34g55twwmxue/index.php,10216,a,href,https://wa.me/+9203327267864,wa.me,social / messaging
./pages/monitors/gaming/odyssey-oled-g9-g93sc-49-inch-240hz-curved-dual-qhd-ls49cg934smxue/index.php,11592,a,href,https://wa.me/+9203327267864,wa.me,social / messaging
./pages/monitors/high-resolution/index.php,5960,a,href,https://wa.me/+9203327267864,wa.me,social / messaging
./pages/monitors/monitor-buying-guide/index.php,4832,a,href,https://wa.me/+9203327267864,wa.me,social / messaging
./pages/monitors/odyssey-gaming-monitor/index.php,6696,a,href,https://wa.me/+9203327267864,wa.me,social / messaging
./pages/monitors/smart/index.php,7363,a,href,https://wa.me/+9203327267864,wa.me,social / messaging
./pages/monitors/viewfinity-high-resolution-monitor/index.php,17611,a,href,https://wa.me/+9203327267864,wa.me,social / messaging
./pages/news/index.php,4218,a,href,https://wa.me/+9203327267864,wa.me,social / messaging
./pages/offer/index.php,8419,a,href,https://wa.me/+9203327267864,wa.me,social / messaging
./pages/offer/mobile/smartphones/index.php,8419,a,href,https://wa.me/+9203327267864,wa.me,social / messaging
./pages/offer/mobile/tablets/index.php,8419,a,href,https://wa.me/+9203327267864,wa.me,social / messaging
./pages/offer/mobile/wearables-and-accessories/index.php,8419,a,href,https://wa.me/+9203327267864,wa.me,social / messaging
./pages/offer/samsung-week/index.php,9876,a,href,https://wa.me/+9203327267864,wa.me,social / messaging
./pages/one-ui/index.php,6979,a,href,https://wa.me/+9203327267864,wa.me,social / messaging
./pages/projectors/all-projectors/index.php,5729,a,href,https://wa.me/+9203327267864,wa.me,social / messaging
./pages/refrigerators/all-refrigerators/index.php,7619,a,href,https://wa.me/+9203327267864,wa.me,social / messaging
./pages/refrigerators/side-by-side/refrigerator-sbs-rs90f-basic-655l-black-doi-rs70f65qeftr/index.php,11383,a,href,https://wa.me/+9203327267864,wa.me,social / messaging
./pages/refrigerators/top-mount-freezer/rt7300d-smartthings-ai-energy-mode-top-mount-freezer-smartthings-ai-energy-mode-540l-black-rt53dg7b10b1fa/index.php,11474,a,href,https://wa.me/+9203327267864,wa.me,social / messaging
./pages/search/index.php,4008,a,href,https://wa.me/+9203327267864,wa.me,social / messaging
./pages/shop-faq/index.php,4523,a,href,https://wa.me/+9203327267864,wa.me,social / messaging
./pages/sign-language/index.php,4519,a,href,https://wa.me/+9203327267864,wa.me,social / messaging
./pages/smartphones/all-smartphones/index.php,9030,a,href,https://wa.me/+9203327267864,wa.me,social / messaging
./pages/smartphones/galaxy-a/galaxy-a57-5g/buy/index.php,7772,a,href,https://wa.me/+9203327267864,wa.me,social / messaging
./pages/smartphones/galaxy-a56-5g/buy/index.php,7862,a,href,https://wa.me/+9203327267864,wa.me,social / messaging
./pages/smartphones/galaxy-s/galaxy-s25-fe-navy-256gb-sm-s731bdbvpkd/index.php,11719,a,href,https://wa.me/+9203327267864,wa.me,social / messaging
./pages/smartphones/galaxy-s25/buy/index.php,8587,a,href,https://wa.me/+9203327267864,wa.me,social / messaging
./pages/smartphones/galaxy-s26/index.php,60966,a,href,https://wa.me/+9203327267864,wa.me,social / messaging
./pages/smartthings/index.php,7918,a,href,https://wa.me/+9203327267864,wa.me,social / messaging
./pages/store-locator/index.php,6630,a,href,https://wa.me/+9203327267864,wa.me,social / messaging
./pages/support/contact/index.php,4460,a,href,https://wa.me/+9203327267864,wa.me,social / messaging
./pages/support/index.php,5830,a,href,https://wa.me/+9203327267864,wa.me,social / messaging
./pages/support/newsalert/index.php,4576,a,href,https://wa.me/+9203327267864,wa.me,social / messaging
./pages/support/repair-price/index.php,9507,a,href,https://wa.me/+971547267864,wa.me,social / messaging
./pages/support/repair-price/index.php,14192,a,href,https://wa.me/+9203327267864,wa.me,social / messaging
./pages/support/service-center/index.php,5242,a,href,https://wa.me/+9203327267864,wa.me,social / messaging
./pages/support/user-manuals-and-guide/index.php,4442,a,href,https://wa.me/+9203327267864,wa.me,social / messaging
./pages/support/warranty/index.php,5099,a,href,https://wa.me/+9203327267864,wa.me,social / messaging
./pages/sustainability/accessibility/overview/index.php,5054,a,href,https://wa.me/+9203327267864,wa.me,social / messaging
./pages/sustainability/environment/index.php,9031,a,href,https://wa.me/+9203327267864,wa.me,social / messaging
./pages/sustainability/inclusive-workplace/index.php,5936,a,href,https://wa.me/+9203327267864,wa.me,social / messaging
./pages/sustainability/security-and-privacy/index.php,4872,a,href,https://wa.me/+9203327267864,wa.me,social / messaging
./pages/tablets/all-tablets/index.php,5878,a,href,https://wa.me/+9203327267864,wa.me,social / messaging
./pages/tablets/galaxy-tab-s/galaxy-tab-s9-fe-5g-gray-128gb-sm-x516bzaamea/index.php,8799,a,href,https://wa.me/+9203327267864,wa.me,social / messaging
./pages/tv-accessories/all-tv-accessories/index.php,5496,a,href,https://wa.me/+9203327267864,wa.me,social / messaging
./pages/tvs/all-tvs/index.php,8016,a,href,https://wa.me/+9203327267864,wa.me,social / messaging
./pages/tvs/help-me-choose/index.php,9748,a,href,https://wa.me/+9203327267864,wa.me,social / messaging
./pages/tvs/neo-qled-tvs/index.php,7478,a,href,https://wa.me/+9203327267864,wa.me,social / messaging
./pages/tvs/oled-tv/highlights/index.php,10308,a,href,https://wa.me/+9203327267864,wa.me,social / messaging
./pages/tvs/oled-tv/index.php,6573,a,href,https://wa.me/+9203327267864,wa.me,social / messaging
./pages/tvs/qled-tv/index.php,7859,a,href,https://wa.me/+9203327267864,wa.me,social / messaging
./pages/tvs/qled-tv/q7f-55-inch-qled-4k-smart-tv-qa55q7faausmm/index.php,15539,a,href,https://wa.me/+9203327267864,wa.me,social / messaging
./pages/tvs/uhd-4k-tv/du7000-65-inch-crystal-uhd-4k-tizen-os-smart-tv-ua65du7000uswk/index.php,12798,a,href,https://wa.me/+9203327267864,wa.me,social / messaging
./pages/tvs/vision-ai-tv/index.php,5193,a,href,https://wa.me/+9203327267864,wa.me,social / messaging
./pages/washers-and-dryers/all-washers-and-dryers/index.php,8017,a,href,https://wa.me/+9203327267864,wa.me,social / messaging
./pages/washers-and-dryers/washing-machines/wa5000c-top-load-ecobubble-digital-inverter-technology-super-speed-15kg-dark-gray-wa15ck5745bdrt/index.php,9960,a,href,https://wa.me/+9203327267864,wa.me,social / messaging
./pages/washers-and-dryers/washing-machines/ww5000d-front-loading-smartthings-ai-energy-mode-a-10-percent-extra-energy-efficiency-ai-ecobubble-9kg-black-ww90dg5u34abfa/index.php,11236,a,href,https://wa.me/+9203327267864,wa.me,social / messaging
./pages/watches/all-watches/index.php,6438,a,href,https://wa.me/+9203327267864,wa.me,social / messaging
./pages/watches/galaxy-watch/galaxy-watch8-44mm-silver-bluetooth-sm-l330nzsamea/index.php,13261,a,href,https://wa.me/+9203327267864,wa.me,social / messaging
./previous-index.php,12538,a,href,https://wa.me/+9203327267864,wa.me,social / messaging
./index.php,4341,a,href,https://youtube.com/live/SA93zbnoR4U,youtube.com,social / messaging
./index.php,4351,a,href,https://youtube.com/live/SA93zbnoR4U,youtube.com,social / messaging
./pages/index.php,4338,a,href,https://youtube.com/live/SA93zbnoR4U,youtube.com,social / messaging
./pages/index.php,4348,a,href,https://youtube.com/live/SA93zbnoR4U,youtube.com,social / messaging
./previous-index.php,10848,a,href,https://youtube.com/live/SA93zbnoR4U,youtube.com,social / messaging
./previous-index.php,10885,a,href,https://youtube.com/live/SA93zbnoR4U,youtube.com,social / messaging
./pages/sustainability/environment/index.php,4472,a,href,http://abree.org.br/pontos-de-recebimento,abree.org.br,third-party external
./pages/air-conditioners/wall-mount/ar9500t-ar18asfzgwk2pm/index.php,442,link,href,https://api.bazaarvoice.com/,api.bazaarvoice.com,third-party external
./pages/air-conditioners/wall-mount/ar9500t-ar50f12c1uhnsa-non-windfree-ar50f18c1nh2pm/index.php,442,link,href,https://api.bazaarvoice.com/,api.bazaarvoice.com,third-party external
./pages/audio-sound/galaxy-buds/galaxy-buds4-pro-black-sm-r640nzkamea/index.php,444,link,href,https://api.bazaarvoice.com/,api.bazaarvoice.com,third-party external
./pages/dishwashers/built-in/dw7700b-dw60dg790i00-energy-efficiency-waterjet-clean-14-place-settings-silver-dw60dg790fslgu/index.php,442,link,href,https://api.bazaarvoice.com/,api.bazaarvoice.com,third-party external
./pages/monitors/gaming/odyssey-g5-34-inch-165hz-curved-ultra-wqhd-lc34g55twwmxue/index.php,444,link,href,https://api.bazaarvoice.com/,api.bazaarvoice.com,third-party external
./pages/monitors/gaming/odyssey-oled-g9-g93sc-49-inch-240hz-curved-dual-qhd-ls49cg934smxue/index.php,442,link,href,https://api.bazaarvoice.com/,api.bazaarvoice.com,third-party external
./pages/refrigerators/side-by-side/refrigerator-sbs-rs90f-basic-655l-black-doi-rs70f65qeftr/index.php,442,link,href,https://api.bazaarvoice.com/,api.bazaarvoice.com,third-party external
./pages/tablets/galaxy-tab-s/galaxy-tab-s9-fe-5g-gray-128gb-sm-x516bzaamea/index.php,401,link,href,https://api.bazaarvoice.com/,api.bazaarvoice.com,third-party external
./pages/washers-and-dryers/washing-machines/wa5000c-top-load-ecobubble-digital-inverter-technology-super-speed-15kg-dark-gray-wa15ck5745bdrt/index.php,442,link,href,https://api.bazaarvoice.com/,api.bazaarvoice.com,third-party external
./pages/washers-and-dryers/washing-machines/ww5000d-front-loading-smartthings-ai-energy-mode-a-10-percent-extra-energy-efficiency-ai-ecobubble-9kg-black-ww90dg5u34abfa/index.php,442,link,href,https://api.bazaarvoice.com/,api.bazaarvoice.com,third-party external
./pages/watches/galaxy-watch/galaxy-watch8-44mm-silver-bluetooth-sm-l330nzsamea/index.php,401,link,href,https://api.bazaarvoice.com/,api.bazaarvoice.com,third-party external
./pages/support/contact/index.php,3306,a,href,https://api.whatsapp.com/send/?phone=%2B9203327267864&amp;text&amp;type=phone_number&amp;app_absent=0,api.whatsapp.com,third-party external
./pages/sustainability/environment/index.php,4582,a,href,http://asegire.com/,asegire.com,third-party external
./pages/air-conditioners/all-air-conditioners/index.php,24,link,href,https://assets.adobedtm.com,assets.adobedtm.com,third-party external
./pages/air-conditioners/wall-mount/ar9500t-ar18asfzgwk2pm/index.php,24,link,href,https://assets.adobedtm.com,assets.adobedtm.com,third-party external
./pages/air-conditioners/wall-mount/ar9500t-ar50f12c1uhnsa-non-windfree-ar50f18c1nh2pm/index.php,24,link,href,https://assets.adobedtm.com,assets.adobedtm.com,third-party external
./pages/audio-sound/all-audio-sound/index.php,24,link,href,https://assets.adobedtm.com,assets.adobedtm.com,third-party external
./pages/audio-sound/galaxy-buds/galaxy-buds4-pro-black-sm-r640nzkamea/index.php,24,link,href,https://assets.adobedtm.com,assets.adobedtm.com,third-party external
./pages/dishwashers/all-dishwashers/index.php,24,link,href,https://assets.adobedtm.com,assets.adobedtm.com,third-party external
./pages/dishwashers/built-in/dw7700b-dw60dg790i00-energy-efficiency-waterjet-clean-14-place-settings-silver-dw60dg790fslgu/index.php,24,link,href,https://assets.adobedtm.com,assets.adobedtm.com,third-party external
./pages/lifestyle-tvs/all-lifestyle-tvs/index.php,24,link,href,https://assets.adobedtm.com,assets.adobedtm.com,third-party external
./pages/lifestyle-tvs/the-frame/ls03f-65-inch-art-store-black-qa65ls03fausmm/index.php,24,link,href,https://assets.adobedtm.com,assets.adobedtm.com,third-party external
./pages/mobile-accessories/all-mobile-accessories/index.php,24,link,href,https://assets.adobedtm.com,assets.adobedtm.com,third-party external
./pages/monitors/all-monitors/index.php,24,link,href,https://assets.adobedtm.com,assets.adobedtm.com,third-party external
./pages/monitors/full-hd-1080p/index.php,24,link,href,https://assets.adobedtm.com,assets.adobedtm.com,third-party external
./pages/monitors/gaming/index.php,24,link,href,https://assets.adobedtm.com,assets.adobedtm.com,third-party external
./pages/monitors/gaming/odyssey-g5-34-inch-165hz-curved-ultra-wqhd-lc34g55twwmxue/index.php,24,link,href,https://assets.adobedtm.com,assets.adobedtm.com,third-party external
./pages/monitors/gaming/odyssey-oled-g9-g93sc-49-inch-240hz-curved-dual-qhd-ls49cg934smxue/index.php,24,link,href,https://assets.adobedtm.com,assets.adobedtm.com,third-party external
./pages/monitors/high-resolution/index.php,24,link,href,https://assets.adobedtm.com,assets.adobedtm.com,third-party external
./pages/monitors/smart/index.php,24,link,href,https://assets.adobedtm.com,assets.adobedtm.com,third-party external
./pages/projectors/all-projectors/index.php,24,link,href,https://assets.adobedtm.com,assets.adobedtm.com,third-party external
./pages/refrigerators/all-refrigerators/index.php,24,link,href,https://assets.adobedtm.com,assets.adobedtm.com,third-party external
./pages/refrigerators/side-by-side/refrigerator-sbs-rs90f-basic-655l-black-doi-rs70f65qeftr/index.php,24,link,href,https://assets.adobedtm.com,assets.adobedtm.com,third-party external
./pages/refrigerators/top-mount-freezer/rt7300d-smartthings-ai-energy-mode-top-mount-freezer-smartthings-ai-energy-mode-540l-black-rt53dg7b10b1fa/index.php,24,link,href,https://assets.adobedtm.com,assets.adobedtm.com,third-party external
./pages/smartphones/all-smartphones/index.php,24,link,href,https://assets.adobedtm.com,assets.adobedtm.com,third-party external
./pages/smartphones/galaxy-s/galaxy-s25-fe-navy-256gb-sm-s731bdbvpkd/index.php,24,link,href,https://assets.adobedtm.com,assets.adobedtm.com,third-party external
./pages/tablets/all-tablets/index.php,24,link,href,https://assets.adobedtm.com,assets.adobedtm.com,third-party external
./pages/tablets/galaxy-tab-s/galaxy-tab-s9-fe-5g-gray-128gb-sm-x516bzaamea/index.php,24,link,href,https://assets.adobedtm.com,assets.adobedtm.com,third-party external
./pages/tv-accessories/all-tv-accessories/index.php,24,link,href,https://assets.adobedtm.com,assets.adobedtm.com,third-party external
./pages/tvs/all-tvs/index.php,24,link,href,https://assets.adobedtm.com,assets.adobedtm.com,third-party external
./pages/tvs/neo-qled-tvs/index.php,24,link,href,https://assets.adobedtm.com,assets.adobedtm.com,third-party external
./pages/tvs/oled-tv/index.php,24,link,href,https://assets.adobedtm.com,assets.adobedtm.com,third-party external
./pages/tvs/qled-tv/index.php,24,link,href,https://assets.adobedtm.com,assets.adobedtm.com,third-party external
./pages/tvs/qled-tv/q7f-55-inch-qled-4k-smart-tv-qa55q7faausmm/index.php,24,link,href,https://assets.adobedtm.com,assets.adobedtm.com,third-party external
./pages/tvs/uhd-4k-tv/du7000-65-inch-crystal-uhd-4k-tizen-os-smart-tv-ua65du7000uswk/index.php,24,link,href,https://assets.adobedtm.com,assets.adobedtm.com,third-party external
./pages/washers-and-dryers/all-washers-and-dryers/index.php,24,link,href,https://assets.adobedtm.com,assets.adobedtm.com,third-party external
./pages/washers-and-dryers/washing-machines/wa5000c-top-load-ecobubble-digital-inverter-technology-super-speed-15kg-dark-gray-wa15ck5745bdrt/index.php,24,link,href,https://assets.adobedtm.com,assets.adobedtm.com,third-party external
./pages/washers-and-dryers/washing-machines/ww5000d-front-loading-smartthings-ai-energy-mode-a-10-percent-extra-energy-efficiency-ai-ecobubble-9kg-black-ww90dg5u34abfa/index.php,24,link,href,https://assets.adobedtm.com,assets.adobedtm.com,third-party external
./pages/watches/all-watches/index.php,24,link,href,https://assets.adobedtm.com,assets.adobedtm.com,third-party external
./pages/watches/galaxy-watch/galaxy-watch8-44mm-silver-bluetooth-sm-l330nzsamea/index.php,24,link,href,https://assets.adobedtm.com,assets.adobedtm.com,third-party external
./pages/air-conditioners/wall-mount/ar9500t-ar18asfzgwk2pm/index.php,442,link,href,https://assets.api.useinsider.com/css/info.min.css,assets.api.useinsider.com,third-party external
./pages/lifestyle-tvs/the-frame/ls03f-65-inch-art-store-black-qa65ls03fausmm/index.php,442,link,href,https://assets.api.useinsider.com/css/info.min.css,assets.api.useinsider.com,third-party external
./pages/refrigerators/side-by-side/refrigerator-sbs-rs90f-basic-655l-black-doi-rs70f65qeftr/index.php,442,link,href,https://assets.api.useinsider.com/css/info.min.css,assets.api.useinsider.com,third-party external
./pages/tvs/qled-tv/q7f-55-inch-qled-4k-smart-tv-qa55q7faausmm/index.php,442,link,href,https://assets.api.useinsider.com/css/info.min.css,assets.api.useinsider.com,third-party external
./pages/tvs/uhd-4k-tv/du7000-65-inch-crystal-uhd-4k-tizen-os-smart-tv-ua65du7000uswk/index.php,442,link,href,https://assets.api.useinsider.com/css/info.min.css,assets.api.useinsider.com,third-party external
./pages/washers-and-dryers/washing-machines/wa5000c-top-load-ecobubble-digital-inverter-technology-super-speed-15kg-dark-gray-wa15ck5745bdrt/index.php,442,link,href,https://assets.api.useinsider.com/css/info.min.css,assets.api.useinsider.com,third-party external
./pages/tvs/oled-tv/highlights/index.php,9067,link,href,https://cdn.jsdelivr.net/npm/beerslider@1.0.3/dist/BeerSlider.min.css,cdn.jsdelivr.net,third-party external
./global/sustainability/index.html,126,link,href,https://cdn.userway.org/styles/2026-05-12-14-26-48/widget_base.css?v=1778596008290,cdn.userway.org,third-party external
./pages/one-ui/index.php,5754,a,href,https://contents.samsungmembers.com/share/redirect.html?dl=view/notice&amp;src=s_com,contents.samsungmembers.com,third-party external
./pages/one-ui/index.php,5787,a,href,https://contents.samsungmembers.com/share/redirect.html?dl=view/notice&amp;src=s_com,contents.samsungmembers.com,third-party external
./pages/sustainability/environment/index.php,5481,a,href,https://e-cycle.or.kr/front/main.do,e-cycle.or.kr,third-party external
./pages/sustainability/environment/index.php,6191,a,href,https://e-schrott-entsorgen.org/,e-schrott-entsorgen.org,third-party external
./pages/sustainability/environment/index.php,5875,a,href,https://ecobultex.bg,ecobultex.bg,third-party external
./pages/sustainability/environment/index.php,4976,a,href,https://ecyclesolutions.net.au/drop-off-locations/,ecyclesolutions.net.au,third-party external
./pages/sustainability/environment/index.php,6064,a,href,https://elektroonikaromu.ee/en/home/,elektroonikaromu.ee,third-party external
./pages/sustainability/environment/index.php,6883,a,href,https://elektrosmieci.pl/odbiory-elektrosmieci-z-domu/,elektrosmieci.pl,third-party external
./pages/sustainability/environment/index.php,6616,a,href,http://elkolekt.mk,elkolekt.mk,third-party external
./pages/sustainability/environment/index.php,6033,a,href,https://elretur.dk/,elretur.dk,third-party external
./pages/sustainability/environment/index.php,4284,a,href,https://epra.ca/,epra.ca,third-party external
./pages/sustainability/environment/index.php,6410,a,href,https://erionweee.it/en/,erionweee.it,third-party external
./pages/sustainability/environment/index.php,6379,a,href,https://erp-recycling.org/ie/who-are-you/consumers/#where,erp-recycling.org,third-party external
./pages/sustainability/environment/index.php,7655,a,href,https://ewasa.org/,ewasa.org,third-party external
./pages/sustainability/environment/index.php,7734,a,href,https://exitcom.com.tr/,exitcom.com.tr,third-party external
./pages/info/privacy/index.php,3544,a,href,https://firebase.google.com/policies/analytics/,firebase.google.com,third-party external
./pages/support/service-center/index.php,5,link,href,"https://fonts.googleapis.com/css?family=Roboto:300,400,500,700|Google+Sans:400,500,700|Google+Sans+Text:400,500,700&amp;lang=en",fonts.googleapis.com,third-party external
./pages/support/service-center/index.php,5,link,href,https://fonts.googleapis.com/css?family=Google+Sans+Text:400&amp;text=%E2%86%90%E2%86%92%E2%86%91%E2%86%93&amp;lang=en,fonts.googleapis.com,third-party external
./pages/support/repair-price/index.php,9498,a,href,https://forms-prod.sprinklr.com/guided-workflows/64a289676374884b707f7a5c?gwId=6564708cb08c205b2ead3c7a&amp;viewType=FULL_PAGE,forms-prod.sprinklr.com,third-party external
./index.php,2318,a,href,https://forms-prod21.sprinklr.com/guided-workflows/69c280420b763158feed3d93?gwId=69d8b2349783db5cbaa5a129&amp;viewType=FULL_PAGE,forms-prod21.sprinklr.com,third-party external
./index.php,4910,a,href,https://forms-prod21.sprinklr.com/guided-workflows/69c280420b763158feed3d93?gwId=69d8b2349783db5cbaa5a129&amp;viewType=FULL_PAGE,forms-prod21.sprinklr.com,third-party external
./pages/about-us/brand-identity/index.php,2312,a,href,https://forms-prod21.sprinklr.com/guided-workflows/69c280420b763158feed3d93?gwId=69d8b2349783db5cbaa5a129&amp;viewType=FULL_PAGE,forms-prod21.sprinklr.com,third-party external
./pages/about-us/brand-identity/index.php,4104,a,href,https://forms-prod21.sprinklr.com/guided-workflows/69c280420b763158feed3d93?gwId=69d8b2349783db5cbaa5a129&amp;viewType=FULL_PAGE,forms-prod21.sprinklr.com,third-party external
./pages/about-us/business-area/index.php,2314,a,href,https://forms-prod21.sprinklr.com/guided-workflows/69c280420b763158feed3d93?gwId=69d8b2349783db5cbaa5a129&amp;viewType=FULL_PAGE,forms-prod21.sprinklr.com,third-party external
./pages/about-us/business-area/index.php,4437,a,href,https://forms-prod21.sprinklr.com/guided-workflows/69c280420b763158feed3d93?gwId=69d8b2349783db5cbaa5a129&amp;viewType=FULL_PAGE,forms-prod21.sprinklr.com,third-party external
./pages/about-us/careers/index.php,2310,a,href,https://forms-prod21.sprinklr.com/guided-workflows/69c280420b763158feed3d93?gwId=69d8b2349783db5cbaa5a129&amp;viewType=FULL_PAGE,forms-prod21.sprinklr.com,third-party external
./pages/about-us/careers/index.php,4271,a,href,https://forms-prod21.sprinklr.com/guided-workflows/69c280420b763158feed3d93?gwId=69d8b2349783db5cbaa5a129&amp;viewType=FULL_PAGE,forms-prod21.sprinklr.com,third-party external
./pages/about-us/company-info/index.php,2318,a,href,https://forms-prod21.sprinklr.com/guided-workflows/69c280420b763158feed3d93?gwId=69d8b2349783db5cbaa5a129&amp;viewType=FULL_PAGE,forms-prod21.sprinklr.com,third-party external
./pages/about-us/company-info/index.php,6416,a,href,https://forms-prod21.sprinklr.com/guided-workflows/69c280420b763158feed3d93?gwId=69d8b2349783db5cbaa5a129&amp;viewType=FULL_PAGE,forms-prod21.sprinklr.com,third-party external
./pages/about-us/ethics/index.php,2314,a,href,https://forms-prod21.sprinklr.com/guided-workflows/69c280420b763158feed3d93?gwId=69d8b2349783db5cbaa5a129&amp;viewType=FULL_PAGE,forms-prod21.sprinklr.com,third-party external
./pages/about-us/ethics/index.php,4456,a,href,https://forms-prod21.sprinklr.com/guided-workflows/69c280420b763158feed3d93?gwId=69d8b2349783db5cbaa5a129&amp;viewType=FULL_PAGE,forms-prod21.sprinklr.com,third-party external
./pages/air-conditioners/all-air-conditioners/index.php,2290,a,href,https://forms-prod21.sprinklr.com/guided-workflows/69c280420b763158feed3d93?gwId=69d8b2349783db5cbaa5a129&amp;viewType=FULL_PAGE,forms-prod21.sprinklr.com,third-party external
./pages/air-conditioners/all-air-conditioners/index.php,5563,a,href,https://forms-prod21.sprinklr.com/guided-workflows/69c280420b763158feed3d93?gwId=69d8b2349783db5cbaa5a129&amp;viewType=FULL_PAGE,forms-prod21.sprinklr.com,third-party external
./pages/air-conditioners/wall-mount/ar9500t-ar18asfzgwk2pm/index.php,2416,a,href,https://forms-prod21.sprinklr.com/guided-workflows/69c280420b763158feed3d93?gwId=69d8b2349783db5cbaa5a129&amp;viewType=FULL_PAGE,forms-prod21.sprinklr.com,third-party external
./pages/air-conditioners/wall-mount/ar9500t-ar18asfzgwk2pm/index.php,10116,a,href,https://forms-prod21.sprinklr.com/guided-workflows/69c280420b763158feed3d93?gwId=69d8b2349783db5cbaa5a129&amp;viewType=FULL_PAGE,forms-prod21.sprinklr.com,third-party external
./pages/air-conditioners/wall-mount/ar9500t-ar50f12c1uhnsa-non-windfree-ar50f18c1nh2pm/index.php,2416,a,href,https://forms-prod21.sprinklr.com/guided-workflows/69c280420b763158feed3d93?gwId=69d8b2349783db5cbaa5a129&amp;viewType=FULL_PAGE,forms-prod21.sprinklr.com,third-party external
./pages/air-conditioners/wall-mount/ar9500t-ar50f12c1uhnsa-non-windfree-ar50f18c1nh2pm/index.php,12137,a,href,https://forms-prod21.sprinklr.com/guided-workflows/69c280420b763158feed3d93?gwId=69d8b2349783db5cbaa5a129&amp;viewType=FULL_PAGE,forms-prod21.sprinklr.com,third-party external
./pages/apps/index.php,2318,a,href,https://forms-prod21.sprinklr.com/guided-workflows/69c280420b763158feed3d93?gwId=69d8b2349783db5cbaa5a129&amp;viewType=FULL_PAGE,forms-prod21.sprinklr.com,third-party external
./pages/apps/index.php,7664,a,href,https://forms-prod21.sprinklr.com/guided-workflows/69c280420b763158feed3d93?gwId=69d8b2349783db5cbaa5a129&amp;viewType=FULL_PAGE,forms-prod21.sprinklr.com,third-party external
./pages/apps/samsung-health/index.php,2322,a,href,https://forms-prod21.sprinklr.com/guided-workflows/69c280420b763158feed3d93?gwId=69d8b2349783db5cbaa5a129&amp;viewType=FULL_PAGE,forms-prod21.sprinklr.com,third-party external
./pages/apps/samsung-health/index.php,8635,a,href,https://forms-prod21.sprinklr.com/guided-workflows/69c280420b763158feed3d93?gwId=69d8b2349783db5cbaa5a129&amp;viewType=FULL_PAGE,forms-prod21.sprinklr.com,third-party external
./pages/audio-sound/all-audio-sound/index.php,2282,a,href,https://forms-prod21.sprinklr.com/guided-workflows/69c280420b763158feed3d93?gwId=69d8b2349783db5cbaa5a129&amp;viewType=FULL_PAGE,forms-prod21.sprinklr.com,third-party external
./pages/audio-sound/all-audio-sound/index.php,5744,a,href,https://forms-prod21.sprinklr.com/guided-workflows/69c280420b763158feed3d93?gwId=69d8b2349783db5cbaa5a129&amp;viewType=FULL_PAGE,forms-prod21.sprinklr.com,third-party external
./pages/audio-sound/galaxy-buds/galaxy-buds4-pro-black-sm-r640nzkamea/index.php,2418,a,href,https://forms-prod21.sprinklr.com/guided-workflows/69c280420b763158feed3d93?gwId=69d8b2349783db5cbaa5a129&amp;viewType=FULL_PAGE,forms-prod21.sprinklr.com,third-party external
./pages/audio-sound/galaxy-buds/galaxy-buds4-pro-black-sm-r640nzkamea/index.php,11489,a,href,https://forms-prod21.sprinklr.com/guided-workflows/69c280420b763158feed3d93?gwId=69d8b2349783db5cbaa5a129&amp;viewType=FULL_PAGE,forms-prod21.sprinklr.com,third-party external
./pages/buy-direct-get-more/index.php,2312,a,href,https://forms-prod21.sprinklr.com/guided-workflows/69c280420b763158feed3d93?gwId=69d8b2349783db5cbaa5a129&amp;viewType=FULL_PAGE,forms-prod21.sprinklr.com,third-party external
./pages/buy-direct-get-more/index.php,5770,a,href,https://forms-prod21.sprinklr.com/guided-workflows/69c280420b763158feed3d93?gwId=69d8b2349783db5cbaa5a129&amp;viewType=FULL_PAGE,forms-prod21.sprinklr.com,third-party external
./pages/dishwashers/all-dishwashers/index.php,2291,a,href,https://forms-prod21.sprinklr.com/guided-workflows/69c280420b763158feed3d93?gwId=69d8b2349783db5cbaa5a129&amp;viewType=FULL_PAGE,forms-prod21.sprinklr.com,third-party external
./pages/dishwashers/all-dishwashers/index.php,5237,a,href,https://forms-prod21.sprinklr.com/guided-workflows/69c280420b763158feed3d93?gwId=69d8b2349783db5cbaa5a129&amp;viewType=FULL_PAGE,forms-prod21.sprinklr.com,third-party external
./pages/dishwashers/built-in/dw7700b-dw60dg790i00-energy-efficiency-waterjet-clean-14-place-settings-silver-dw60dg790fslgu/index.php,2416,a,href,https://forms-prod21.sprinklr.com/guided-workflows/69c280420b763158feed3d93?gwId=69d8b2349783db5cbaa5a129&amp;viewType=FULL_PAGE,forms-prod21.sprinklr.com,third-party external
./pages/dishwashers/built-in/dw7700b-dw60dg790i00-energy-efficiency-waterjet-clean-14-place-settings-silver-dw60dg790fslgu/index.php,10439,a,href,https://forms-prod21.sprinklr.com/guided-workflows/69c280420b763158feed3d93?gwId=69d8b2349783db5cbaa5a129&amp;viewType=FULL_PAGE,forms-prod21.sprinklr.com,third-party external
./pages/explore/index.php,2279,a,href,https://forms-prod21.sprinklr.com/guided-workflows/69c280420b763158feed3d93?gwId=69d8b2349783db5cbaa5a129&amp;viewType=FULL_PAGE,forms-prod21.sprinklr.com,third-party external
./pages/explore/index.php,5415,a,href,https://forms-prod21.sprinklr.com/guided-workflows/69c280420b763158feed3d93?gwId=69d8b2349783db5cbaa5a129&amp;viewType=FULL_PAGE,forms-prod21.sprinklr.com,third-party external
./pages/function/ipredirection/ipredirectionLocalList/index.php,2298,a,href,https://forms-prod21.sprinklr.com/guided-workflows/69c280420b763158feed3d93?gwId=69d8b2349783db5cbaa5a129&amp;viewType=FULL_PAGE,forms-prod21.sprinklr.com,third-party external
./pages/function/ipredirection/ipredirectionLocalList/index.php,4232,a,href,https://forms-prod21.sprinklr.com/guided-workflows/69c280420b763158feed3d93?gwId=69d8b2349783db5cbaa5a129&amp;viewType=FULL_PAGE,forms-prod21.sprinklr.com,third-party external
./pages/galaxy-ai/index.php,2321,a,href,https://forms-prod21.sprinklr.com/guided-workflows/69c280420b763158feed3d93?gwId=69d8b2349783db5cbaa5a129&amp;viewType=FULL_PAGE,forms-prod21.sprinklr.com,third-party external
./pages/galaxy-ai/index.php,6936,a,href,https://forms-prod21.sprinklr.com/guided-workflows/69c280420b763158feed3d93?gwId=69d8b2349783db5cbaa5a129&amp;viewType=FULL_PAGE,forms-prod21.sprinklr.com,third-party external
./pages/home-appliances/buying-guide/index.php,2308,a,href,https://forms-prod21.sprinklr.com/guided-workflows/69c280420b763158feed3d93?gwId=69d8b2349783db5cbaa5a129&amp;viewType=FULL_PAGE,forms-prod21.sprinklr.com,third-party external
./pages/home-appliances/buying-guide/index.php,4026,a,href,https://forms-prod21.sprinklr.com/guided-workflows/69c280420b763158feed3d93?gwId=69d8b2349783db5cbaa5a129&amp;viewType=FULL_PAGE,forms-prod21.sprinklr.com,third-party external
./pages/home-appliances/faq/index.php,2302,a,href,https://forms-prod21.sprinklr.com/guided-workflows/69c280420b763158feed3d93?gwId=69d8b2349783db5cbaa5a129&amp;viewType=FULL_PAGE,forms-prod21.sprinklr.com,third-party external
./pages/home-appliances/faq/index.php,4039,a,href,https://forms-prod21.sprinklr.com/guided-workflows/69c280420b763158feed3d93?gwId=69d8b2349783db5cbaa5a129&amp;viewType=FULL_PAGE,forms-prod21.sprinklr.com,third-party external
./pages/index.php,2315,a,href,https://forms-prod21.sprinklr.com/guided-workflows/69c280420b763158feed3d93?gwId=69d8b2349783db5cbaa5a129&amp;viewType=FULL_PAGE,forms-prod21.sprinklr.com,third-party external
./pages/index.php,4907,a,href,https://forms-prod21.sprinklr.com/guided-workflows/69c280420b763158feed3d93?gwId=69d8b2349783db5cbaa5a129&amp;viewType=FULL_PAGE,forms-prod21.sprinklr.com,third-party external
./pages/info/legal/index.php,2300,a,href,https://forms-prod21.sprinklr.com/guided-workflows/69c280420b763158feed3d93?gwId=69d8b2349783db5cbaa5a129&amp;viewType=FULL_PAGE,forms-prod21.sprinklr.com,third-party external
./pages/info/legal/index.php,3617,a,href,https://forms-prod21.sprinklr.com/guided-workflows/69c280420b763158feed3d93?gwId=69d8b2349783db5cbaa5a129&amp;viewType=FULL_PAGE,forms-prod21.sprinklr.com,third-party external
./pages/info/privacy/index.php,2308,a,href,https://forms-prod21.sprinklr.com/guided-workflows/69c280420b763158feed3d93?gwId=69d8b2349783db5cbaa5a129&amp;viewType=FULL_PAGE,forms-prod21.sprinklr.com,third-party external
./pages/info/privacy/index.php,4123,a,href,https://forms-prod21.sprinklr.com/guided-workflows/69c280420b763158feed3d93?gwId=69d8b2349783db5cbaa5a129&amp;viewType=FULL_PAGE,forms-prod21.sprinklr.com,third-party external
./pages/info/sitemap/index.php,2298,a,href,https://forms-prod21.sprinklr.com/guided-workflows/69c280420b763158feed3d93?gwId=69d8b2349783db5cbaa5a129&amp;viewType=FULL_PAGE,forms-prod21.sprinklr.com,third-party external
./pages/info/sitemap/index.php,3832,a,href,https://forms-prod21.sprinklr.com/guided-workflows/69c280420b763158feed3d93?gwId=69d8b2349783db5cbaa5a129&amp;viewType=FULL_PAGE,forms-prod21.sprinklr.com,third-party external
./pages/info/sitemap/index.php,4353,a,href,https://forms-prod21.sprinklr.com/guided-workflows/69c280420b763158feed3d93?gwId=69d8b2349783db5cbaa5a129&amp;viewType=FULL_PAGE,forms-prod21.sprinklr.com,third-party external
./pages/innovation-campus/index.php,2323,a,href,https://forms-prod21.sprinklr.com/guided-workflows/69c280420b763158feed3d93?gwId=69d8b2349783db5cbaa5a129&amp;viewType=FULL_PAGE,forms-prod21.sprinklr.com,third-party external
./pages/innovation-campus/index.php,4343,a,href,https://forms-prod21.sprinklr.com/guided-workflows/69c280420b763158feed3d93?gwId=69d8b2349783db5cbaa5a129&amp;viewType=FULL_PAGE,forms-prod21.sprinklr.com,third-party external
./pages/lifestyle-tvs/all-lifestyle-tvs/index.php,2290,a,href,https://forms-prod21.sprinklr.com/guided-workflows/69c280420b763158feed3d93?gwId=69d8b2349783db5cbaa5a129&amp;viewType=FULL_PAGE,forms-prod21.sprinklr.com,third-party external
./pages/lifestyle-tvs/all-lifestyle-tvs/index.php,5566,a,href,https://forms-prod21.sprinklr.com/guided-workflows/69c280420b763158feed3d93?gwId=69d8b2349783db5cbaa5a129&amp;viewType=FULL_PAGE,forms-prod21.sprinklr.com,third-party external
./pages/lifestyle-tvs/the-frame/highlights/index.php,2319,a,href,https://forms-prod21.sprinklr.com/guided-workflows/69c280420b763158feed3d93?gwId=69d8b2349783db5cbaa5a129&amp;viewType=FULL_PAGE,forms-prod21.sprinklr.com,third-party external
./pages/lifestyle-tvs/the-frame/highlights/index.php,5383,a,href,https://forms-prod21.sprinklr.com/guided-workflows/69c280420b763158feed3d93?gwId=69d8b2349783db5cbaa5a129&amp;viewType=FULL_PAGE,forms-prod21.sprinklr.com,third-party external
./pages/lifestyle-tvs/the-frame/ls03f-65-inch-art-store-black-qa65ls03fausmm/index.php,2416,a,href,https://forms-prod21.sprinklr.com/guided-workflows/69c280420b763158feed3d93?gwId=69d8b2349783db5cbaa5a129&amp;viewType=FULL_PAGE,forms-prod21.sprinklr.com,third-party external
./pages/lifestyle-tvs/the-frame/ls03f-65-inch-art-store-black-qa65ls03fausmm/index.php,12859,a,href,https://forms-prod21.sprinklr.com/guided-workflows/69c280420b763158feed3d93?gwId=69d8b2349783db5cbaa5a129&amp;viewType=FULL_PAGE,forms-prod21.sprinklr.com,third-party external
./pages/mobile-accessories/all-mobile-accessories/index.php,2278,a,href,https://forms-prod21.sprinklr.com/guided-workflows/69c280420b763158feed3d93?gwId=69d8b2349783db5cbaa5a129&amp;viewType=FULL_PAGE,forms-prod21.sprinklr.com,third-party external
./pages/mobile-accessories/all-mobile-accessories/index.php,6849,a,href,https://forms-prod21.sprinklr.com/guided-workflows/69c280420b763158feed3d93?gwId=69d8b2349783db5cbaa5a129&amp;viewType=FULL_PAGE,forms-prod21.sprinklr.com,third-party external
./pages/mobile/find-your-galaxy/index.php,2314,a,href,https://forms-prod21.sprinklr.com/guided-workflows/69c280420b763158feed3d93?gwId=69d8b2349783db5cbaa5a129&amp;viewType=FULL_PAGE,forms-prod21.sprinklr.com,third-party external
./pages/mobile/find-your-galaxy/index.php,6617,a,href,https://forms-prod21.sprinklr.com/guided-workflows/69c280420b763158feed3d93?gwId=69d8b2349783db5cbaa5a129&amp;viewType=FULL_PAGE,forms-prod21.sprinklr.com,third-party external
./pages/mobile/index.php,2291,a,href,https://forms-prod21.sprinklr.com/guided-workflows/69c280420b763158feed3d93?gwId=69d8b2349783db5cbaa5a129&amp;viewType=FULL_PAGE,forms-prod21.sprinklr.com,third-party external
./pages/mobile/index.php,8230,a,href,https://forms-prod21.sprinklr.com/guided-workflows/69c280420b763158feed3d93?gwId=69d8b2349783db5cbaa5a129&amp;viewType=FULL_PAGE,forms-prod21.sprinklr.com,third-party external
./pages/mobile/switch-to-galaxy/index.php,2323,a,href,https://forms-prod21.sprinklr.com/guided-workflows/69c280420b763158feed3d93?gwId=69d8b2349783db5cbaa5a129&amp;viewType=FULL_PAGE,forms-prod21.sprinklr.com,third-party external
./pages/mobile/switch-to-galaxy/index.php,6535,a,href,https://forms-prod21.sprinklr.com/guided-workflows/69c280420b763158feed3d93?gwId=69d8b2349783db5cbaa5a129&amp;viewType=FULL_PAGE,forms-prod21.sprinklr.com,third-party external
./pages/monitors/all-monitors/index.php,2294,a,href,https://forms-prod21.sprinklr.com/guided-workflows/69c280420b763158feed3d93?gwId=69d8b2349783db5cbaa5a129&amp;viewType=FULL_PAGE,forms-prod21.sprinklr.com,third-party external
./pages/monitors/all-monitors/index.php,7088,a,href,https://forms-prod21.sprinklr.com/guided-workflows/69c280420b763158feed3d93?gwId=69d8b2349783db5cbaa5a129&amp;viewType=FULL_PAGE,forms-prod21.sprinklr.com,third-party external
./pages/monitors/full-hd-1080p/index.php,2288,a,href,https://forms-prod21.sprinklr.com/guided-workflows/69c280420b763158feed3d93?gwId=69d8b2349783db5cbaa5a129&amp;viewType=FULL_PAGE,forms-prod21.sprinklr.com,third-party external
./pages/monitors/full-hd-1080p/index.php,5182,a,href,https://forms-prod21.sprinklr.com/guided-workflows/69c280420b763158feed3d93?gwId=69d8b2349783db5cbaa5a129&amp;viewType=FULL_PAGE,forms-prod21.sprinklr.com,third-party external
./pages/monitors/gaming/index.php,2288,a,href,https://forms-prod21.sprinklr.com/guided-workflows/69c280420b763158feed3d93?gwId=69d8b2349783db5cbaa5a129&amp;viewType=FULL_PAGE,forms-prod21.sprinklr.com,third-party external
./pages/monitors/gaming/index.php,6450,a,href,https://forms-prod21.sprinklr.com/guided-workflows/69c280420b763158feed3d93?gwId=69d8b2349783db5cbaa5a129&amp;viewType=FULL_PAGE,forms-prod21.sprinklr.com,third-party external
./pages/monitors/gaming/odyssey-g5-34-inch-165hz-curved-ultra-wqhd-lc34g55twwmxue/index.php,2418,a,href,https://forms-prod21.sprinklr.com/guided-workflows/69c280420b763158feed3d93?gwId=69d8b2349783db5cbaa5a129&amp;viewType=FULL_PAGE,forms-prod21.sprinklr.com,third-party external
./pages/monitors/gaming/odyssey-g5-34-inch-165hz-curved-ultra-wqhd-lc34g55twwmxue/index.php,9805,a,href,https://forms-prod21.sprinklr.com/guided-workflows/69c280420b763158feed3d93?gwId=69d8b2349783db5cbaa5a129&amp;viewType=FULL_PAGE,forms-prod21.sprinklr.com,third-party external
./pages/monitors/gaming/odyssey-oled-g9-g93sc-49-inch-240hz-curved-dual-qhd-ls49cg934smxue/index.php,2416,a,href,https://forms-prod21.sprinklr.com/guided-workflows/69c280420b763158feed3d93?gwId=69d8b2349783db5cbaa5a129&amp;viewType=FULL_PAGE,forms-prod21.sprinklr.com,third-party external
./pages/monitors/gaming/odyssey-oled-g9-g93sc-49-inch-240hz-curved-dual-qhd-ls49cg934smxue/index.php,11181,a,href,https://forms-prod21.sprinklr.com/guided-workflows/69c280420b763158feed3d93?gwId=69d8b2349783db5cbaa5a129&amp;viewType=FULL_PAGE,forms-prod21.sprinklr.com,third-party external
./pages/monitors/high-resolution/index.php,2294,a,href,https://forms-prod21.sprinklr.com/guided-workflows/69c280420b763158feed3d93?gwId=69d8b2349783db5cbaa5a129&amp;viewType=FULL_PAGE,forms-prod21.sprinklr.com,third-party external
./pages/monitors/high-resolution/index.php,5549,a,href,https://forms-prod21.sprinklr.com/guided-workflows/69c280420b763158feed3d93?gwId=69d8b2349783db5cbaa5a129&amp;viewType=FULL_PAGE,forms-prod21.sprinklr.com,third-party external
./pages/monitors/monitor-buying-guide/index.php,2319,a,href,https://forms-prod21.sprinklr.com/guided-workflows/69c280420b763158feed3d93?gwId=69d8b2349783db5cbaa5a129&amp;viewType=FULL_PAGE,forms-prod21.sprinklr.com,third-party external
./pages/monitors/monitor-buying-guide/index.php,4421,a,href,https://forms-prod21.sprinklr.com/guided-workflows/69c280420b763158feed3d93?gwId=69d8b2349783db5cbaa5a129&amp;viewType=FULL_PAGE,forms-prod21.sprinklr.com,third-party external
./pages/monitors/odyssey-gaming-monitor/index.php,2323,a,href,https://forms-prod21.sprinklr.com/guided-workflows/69c280420b763158feed3d93?gwId=69d8b2349783db5cbaa5a129&amp;viewType=FULL_PAGE,forms-prod21.sprinklr.com,third-party external
./pages/monitors/odyssey-gaming-monitor/index.php,6285,a,href,https://forms-prod21.sprinklr.com/guided-workflows/69c280420b763158feed3d93?gwId=69d8b2349783db5cbaa5a129&amp;viewType=FULL_PAGE,forms-prod21.sprinklr.com,third-party external
./pages/monitors/smart/index.php,2288,a,href,https://forms-prod21.sprinklr.com/guided-workflows/69c280420b763158feed3d93?gwId=69d8b2349783db5cbaa5a129&amp;viewType=FULL_PAGE,forms-prod21.sprinklr.com,third-party external
./pages/monitors/smart/index.php,6952,a,href,https://forms-prod21.sprinklr.com/guided-workflows/69c280420b763158feed3d93?gwId=69d8b2349783db5cbaa5a129&amp;viewType=FULL_PAGE,forms-prod21.sprinklr.com,third-party external
./pages/monitors/viewfinity-high-resolution-monitor/index.php,2309,a,href,https://forms-prod21.sprinklr.com/guided-workflows/69c280420b763158feed3d93?gwId=69d8b2349783db5cbaa5a129&amp;viewType=FULL_PAGE,forms-prod21.sprinklr.com,third-party external
./pages/monitors/viewfinity-high-resolution-monitor/index.php,17200,a,href,https://forms-prod21.sprinklr.com/guided-workflows/69c280420b763158feed3d93?gwId=69d8b2349783db5cbaa5a129&amp;viewType=FULL_PAGE,forms-prod21.sprinklr.com,third-party external
./pages/news/index.php,2273,a,href,https://forms-prod21.sprinklr.com/guided-workflows/69c280420b763158feed3d93?gwId=69d8b2349783db5cbaa5a129&amp;viewType=FULL_PAGE,forms-prod21.sprinklr.com,third-party external
./pages/news/index.php,3807,a,href,https://forms-prod21.sprinklr.com/guided-workflows/69c280420b763158feed3d93?gwId=69d8b2349783db5cbaa5a129&amp;viewType=FULL_PAGE,forms-prod21.sprinklr.com,third-party external
./pages/offer/index.php,2296,a,href,https://forms-prod21.sprinklr.com/guided-workflows/69c280420b763158feed3d93?gwId=69d8b2349783db5cbaa5a129&amp;viewType=FULL_PAGE,forms-prod21.sprinklr.com,third-party external
./pages/offer/index.php,8008,a,href,https://forms-prod21.sprinklr.com/guided-workflows/69c280420b763158feed3d93?gwId=69d8b2349783db5cbaa5a129&amp;viewType=FULL_PAGE,forms-prod21.sprinklr.com,third-party external
./pages/offer/mobile/smartphones/index.php,2296,a,href,https://forms-prod21.sprinklr.com/guided-workflows/69c280420b763158feed3d93?gwId=69d8b2349783db5cbaa5a129&amp;viewType=FULL_PAGE,forms-prod21.sprinklr.com,third-party external
./pages/offer/mobile/smartphones/index.php,8008,a,href,https://forms-prod21.sprinklr.com/guided-workflows/69c280420b763158feed3d93?gwId=69d8b2349783db5cbaa5a129&amp;viewType=FULL_PAGE,forms-prod21.sprinklr.com,third-party external
./pages/offer/mobile/tablets/index.php,2296,a,href,https://forms-prod21.sprinklr.com/guided-workflows/69c280420b763158feed3d93?gwId=69d8b2349783db5cbaa5a129&amp;viewType=FULL_PAGE,forms-prod21.sprinklr.com,third-party external
./pages/offer/mobile/tablets/index.php,8008,a,href,https://forms-prod21.sprinklr.com/guided-workflows/69c280420b763158feed3d93?gwId=69d8b2349783db5cbaa5a129&amp;viewType=FULL_PAGE,forms-prod21.sprinklr.com,third-party external
./pages/offer/mobile/wearables-and-accessories/index.php,2296,a,href,https://forms-prod21.sprinklr.com/guided-workflows/69c280420b763158feed3d93?gwId=69d8b2349783db5cbaa5a129&amp;viewType=FULL_PAGE,forms-prod21.sprinklr.com,third-party external
./pages/offer/mobile/wearables-and-accessories/index.php,8008,a,href,https://forms-prod21.sprinklr.com/guided-workflows/69c280420b763158feed3d93?gwId=69d8b2349783db5cbaa5a129&amp;viewType=FULL_PAGE,forms-prod21.sprinklr.com,third-party external
./pages/offer/samsung-week/index.php,2349,a,href,https://forms-prod21.sprinklr.com/guided-workflows/69c280420b763158feed3d93?gwId=69d8b2349783db5cbaa5a129&amp;viewType=FULL_PAGE,forms-prod21.sprinklr.com,third-party external
./pages/offer/samsung-week/index.php,9465,a,href,https://forms-prod21.sprinklr.com/guided-workflows/69c280420b763158feed3d93?gwId=69d8b2349783db5cbaa5a129&amp;viewType=FULL_PAGE,forms-prod21.sprinklr.com,third-party external
./pages/one-ui/index.php,2320,a,href,https://forms-prod21.sprinklr.com/guided-workflows/69c280420b763158feed3d93?gwId=69d8b2349783db5cbaa5a129&amp;viewType=FULL_PAGE,forms-prod21.sprinklr.com,third-party external
./pages/one-ui/index.php,6568,a,href,https://forms-prod21.sprinklr.com/guided-workflows/69c280420b763158feed3d93?gwId=69d8b2349783db5cbaa5a129&amp;viewType=FULL_PAGE,forms-prod21.sprinklr.com,third-party external
./pages/projectors/all-projectors/index.php,2294,a,href,https://forms-prod21.sprinklr.com/guided-workflows/69c280420b763158feed3d93?gwId=69d8b2349783db5cbaa5a129&amp;viewType=FULL_PAGE,forms-prod21.sprinklr.com,third-party external
./pages/projectors/all-projectors/index.php,5318,a,href,https://forms-prod21.sprinklr.com/guided-workflows/69c280420b763158feed3d93?gwId=69d8b2349783db5cbaa5a129&amp;viewType=FULL_PAGE,forms-prod21.sprinklr.com,third-party external
./pages/refrigerators/all-refrigerators/index.php,2294,a,href,https://forms-prod21.sprinklr.com/guided-workflows/69c280420b763158feed3d93?gwId=69d8b2349783db5cbaa5a129&amp;viewType=FULL_PAGE,forms-prod21.sprinklr.com,third-party external
./pages/refrigerators/all-refrigerators/index.php,7208,a,href,https://forms-prod21.sprinklr.com/guided-workflows/69c280420b763158feed3d93?gwId=69d8b2349783db5cbaa5a129&amp;viewType=FULL_PAGE,forms-prod21.sprinklr.com,third-party external
./pages/refrigerators/side-by-side/refrigerator-sbs-rs90f-basic-655l-black-doi-rs70f65qeftr/index.php,2416,a,href,https://forms-prod21.sprinklr.com/guided-workflows/69c280420b763158feed3d93?gwId=69d8b2349783db5cbaa5a129&amp;viewType=FULL_PAGE,forms-prod21.sprinklr.com,third-party external
./pages/refrigerators/side-by-side/refrigerator-sbs-rs90f-basic-655l-black-doi-rs70f65qeftr/index.php,10972,a,href,https://forms-prod21.sprinklr.com/guided-workflows/69c280420b763158feed3d93?gwId=69d8b2349783db5cbaa5a129&amp;viewType=FULL_PAGE,forms-prod21.sprinklr.com,third-party external
./pages/refrigerators/top-mount-freezer/rt7300d-smartthings-ai-energy-mode-top-mount-freezer-smartthings-ai-energy-mode-540l-black-rt53dg7b10b1fa/index.php,2416,a,href,https://forms-prod21.sprinklr.com/guided-workflows/69c280420b763158feed3d93?gwId=69d8b2349783db5cbaa5a129&amp;viewType=FULL_PAGE,forms-prod21.sprinklr.com,third-party external
./pages/refrigerators/top-mount-freezer/rt7300d-smartthings-ai-energy-mode-top-mount-freezer-smartthings-ai-energy-mode-540l-black-rt53dg7b10b1fa/index.php,11063,a,href,https://forms-prod21.sprinklr.com/guided-workflows/69c280420b763158feed3d93?gwId=69d8b2349783db5cbaa5a129&amp;viewType=FULL_PAGE,forms-prod21.sprinklr.com,third-party external
./pages/search/index.php,2274,a,href,https://forms-prod21.sprinklr.com/guided-workflows/69c280420b763158feed3d93?gwId=69d8b2349783db5cbaa5a129&amp;viewType=FULL_PAGE,forms-prod21.sprinklr.com,third-party external
./pages/search/index.php,3597,a,href,https://forms-prod21.sprinklr.com/guided-workflows/69c280420b763158feed3d93?gwId=69d8b2349783db5cbaa5a129&amp;viewType=FULL_PAGE,forms-prod21.sprinklr.com,third-party external
./pages/shop-faq/index.php,2275,a,href,https://forms-prod21.sprinklr.com/guided-workflows/69c280420b763158feed3d93?gwId=69d8b2349783db5cbaa5a129&amp;viewType=FULL_PAGE,forms-prod21.sprinklr.com,third-party external
./pages/shop-faq/index.php,4112,a,href,https://forms-prod21.sprinklr.com/guided-workflows/69c280420b763158feed3d93?gwId=69d8b2349783db5cbaa5a129&amp;viewType=FULL_PAGE,forms-prod21.sprinklr.com,third-party external
./pages/sign-language/index.php,2319,a,href,https://forms-prod21.sprinklr.com/guided-workflows/69c280420b763158feed3d93?gwId=69d8b2349783db5cbaa5a129&amp;viewType=FULL_PAGE,forms-prod21.sprinklr.com,third-party external
./pages/sign-language/index.php,4108,a,href,https://forms-prod21.sprinklr.com/guided-workflows/69c280420b763158feed3d93?gwId=69d8b2349783db5cbaa5a129&amp;viewType=FULL_PAGE,forms-prod21.sprinklr.com,third-party external
./pages/smartphones/all-smartphones/index.php,2280,a,href,https://forms-prod21.sprinklr.com/guided-workflows/69c280420b763158feed3d93?gwId=69d8b2349783db5cbaa5a129&amp;viewType=FULL_PAGE,forms-prod21.sprinklr.com,third-party external
./pages/smartphones/all-smartphones/index.php,8619,a,href,https://forms-prod21.sprinklr.com/guided-workflows/69c280420b763158feed3d93?gwId=69d8b2349783db5cbaa5a129&amp;viewType=FULL_PAGE,forms-prod21.sprinklr.com,third-party external
./pages/smartphones/galaxy-a/galaxy-a57-5g/buy/index.php,2695,a,href,https://forms-prod21.sprinklr.com/guided-workflows/69c280420b763158feed3d93?gwId=69d8b2349783db5cbaa5a129&amp;viewType=FULL_PAGE,forms-prod21.sprinklr.com,third-party external
./pages/smartphones/galaxy-a/galaxy-a57-5g/buy/index.php,7361,a,href,https://forms-prod21.sprinklr.com/guided-workflows/69c280420b763158feed3d93?gwId=69d8b2349783db5cbaa5a129&amp;viewType=FULL_PAGE,forms-prod21.sprinklr.com,third-party external
./pages/smartphones/galaxy-a56-5g/buy/index.php,2695,a,href,https://forms-prod21.sprinklr.com/guided-workflows/69c280420b763158feed3d93?gwId=69d8b2349783db5cbaa5a129&amp;viewType=FULL_PAGE,forms-prod21.sprinklr.com,third-party external
./pages/smartphones/galaxy-a56-5g/buy/index.php,7451,a,href,https://forms-prod21.sprinklr.com/guided-workflows/69c280420b763158feed3d93?gwId=69d8b2349783db5cbaa5a129&amp;viewType=FULL_PAGE,forms-prod21.sprinklr.com,third-party external
./pages/smartphones/galaxy-s/galaxy-s25-fe-navy-256gb-sm-s731bdbvpkd/index.php,2377,a,href,https://forms-prod21.sprinklr.com/guided-workflows/69c280420b763158feed3d93?gwId=69d8b2349783db5cbaa5a129&amp;viewType=FULL_PAGE,forms-prod21.sprinklr.com,third-party external
./pages/smartphones/galaxy-s/galaxy-s25-fe-navy-256gb-sm-s731bdbvpkd/index.php,11308,a,href,https://forms-prod21.sprinklr.com/guided-workflows/69c280420b763158feed3d93?gwId=69d8b2349783db5cbaa5a129&amp;viewType=FULL_PAGE,forms-prod21.sprinklr.com,third-party external
./pages/smartphones/galaxy-s25/buy/index.php,3705,a,href,https://forms-prod21.sprinklr.com/guided-workflows/69c280420b763158feed3d93?gwId=69d8b2349783db5cbaa5a129&amp;viewType=FULL_PAGE,forms-prod21.sprinklr.com,third-party external
./pages/smartphones/galaxy-s25/buy/index.php,8176,a,href,https://forms-prod21.sprinklr.com/guided-workflows/69c280420b763158feed3d93?gwId=69d8b2349783db5cbaa5a129&amp;viewType=FULL_PAGE,forms-prod21.sprinklr.com,third-party external
./pages/smartphones/galaxy-s26/index.php,17778,a,href,https://forms-prod21.sprinklr.com/guided-workflows/69c280420b763158feed3d93?gwId=69d8b2349783db5cbaa5a129&amp;viewType=FULL_PAGE,forms-prod21.sprinklr.com,third-party external
./pages/smartphones/galaxy-s26/index.php,60440,a,href,https://forms-prod21.sprinklr.com/guided-workflows/69c280420b763158feed3d93?gwId=69d8b2349783db5cbaa5a129&amp;viewType=FULL_PAGE,forms-prod21.sprinklr.com,third-party external
./pages/smartthings/index.php,2294,a,href,https://forms-prod21.sprinklr.com/guided-workflows/69c280420b763158feed3d93?gwId=69d8b2349783db5cbaa5a129&amp;viewType=FULL_PAGE,forms-prod21.sprinklr.com,third-party external
./pages/smartthings/index.php,7507,a,href,https://forms-prod21.sprinklr.com/guided-workflows/69c280420b763158feed3d93?gwId=69d8b2349783db5cbaa5a129&amp;viewType=FULL_PAGE,forms-prod21.sprinklr.com,third-party external
./pages/store-locator/index.php,2304,a,href,https://forms-prod21.sprinklr.com/guided-workflows/69c280420b763158feed3d93?gwId=69d8b2349783db5cbaa5a129&amp;viewType=FULL_PAGE,forms-prod21.sprinklr.com,third-party external
./pages/store-locator/index.php,6219,a,href,https://forms-prod21.sprinklr.com/guided-workflows/69c280420b763158feed3d93?gwId=69d8b2349783db5cbaa5a129&amp;viewType=FULL_PAGE,forms-prod21.sprinklr.com,third-party external
./pages/support/contact/index.php,2297,a,href,https://forms-prod21.sprinklr.com/guided-workflows/69c280420b763158feed3d93?gwId=69d8b2349783db5cbaa5a129&amp;viewType=FULL_PAGE,forms-prod21.sprinklr.com,third-party external
./pages/support/contact/index.php,3329,a,href,https://forms-prod21.sprinklr.com/guided-workflows/69c280420b763158feed3d93?gwId=69d8b2349783db5cbaa5a129&amp;viewType=FULL_PAGE,forms-prod21.sprinklr.com,third-party external
./pages/support/contact/index.php,3585,a,href,https://forms-prod21.sprinklr.com/guided-workflows/69cb8dc5232a2865e13ccd53?gwId=69c285935d27d71c87cb36c9&amp;viewType=FULL_PAGE,forms-prod21.sprinklr.com,third-party external
./pages/support/contact/index.php,3611,a,href,https://forms-prod21.sprinklr.com/guided-workflows/69c280420b763158feed3d93?gwId=69d8b2349783db5cbaa5a129&amp;viewType=FULL_PAGE,forms-prod21.sprinklr.com,third-party external
./pages/support/contact/index.php,4049,a,href,https://forms-prod21.sprinklr.com/guided-workflows/69c280420b763158feed3d93?gwId=69d8b2349783db5cbaa5a129&amp;viewType=FULL_PAGE,forms-prod21.sprinklr.com,third-party external
./pages/support/index.php,2272,a,href,https://forms-prod21.sprinklr.com/guided-workflows/69c280420b763158feed3d93?gwId=69d8b2349783db5cbaa5a129&amp;viewType=FULL_PAGE,forms-prod21.sprinklr.com,third-party external
./pages/support/index.php,5419,a,href,https://forms-prod21.sprinklr.com/guided-workflows/69c280420b763158feed3d93?gwId=69d8b2349783db5cbaa5a129&amp;viewType=FULL_PAGE,forms-prod21.sprinklr.com,third-party external
./pages/support/newsalert/index.php,2244,a,href,https://forms-prod21.sprinklr.com/guided-workflows/69c280420b763158feed3d93?gwId=69d8b2349783db5cbaa5a129&amp;viewType=FULL_PAGE,forms-prod21.sprinklr.com,third-party external
./pages/support/newsalert/index.php,4165,a,href,https://forms-prod21.sprinklr.com/guided-workflows/69c280420b763158feed3d93?gwId=69d8b2349783db5cbaa5a129&amp;viewType=FULL_PAGE,forms-prod21.sprinklr.com,third-party external
./pages/support/repair-price/index.php,2293,a,href,https://forms-prod21.sprinklr.com/guided-workflows/69c280420b763158feed3d93?gwId=69d8b2349783db5cbaa5a129&amp;viewType=FULL_PAGE,forms-prod21.sprinklr.com,third-party external
./pages/support/repair-price/index.php,13781,a,href,https://forms-prod21.sprinklr.com/guided-workflows/69c280420b763158feed3d93?gwId=69d8b2349783db5cbaa5a129&amp;viewType=FULL_PAGE,forms-prod21.sprinklr.com,third-party external
./pages/support/service-center/index.php,2313,a,href,https://forms-prod21.sprinklr.com/guided-workflows/69c280420b763158feed3d93?gwId=69d8b2349783db5cbaa5a129&amp;viewType=FULL_PAGE,forms-prod21.sprinklr.com,third-party external
./pages/support/service-center/index.php,4831,a,href,https://forms-prod21.sprinklr.com/guided-workflows/69c280420b763158feed3d93?gwId=69d8b2349783db5cbaa5a129&amp;viewType=FULL_PAGE,forms-prod21.sprinklr.com,third-party external
./pages/support/user-manuals-and-guide/index.php,2262,a,href,https://forms-prod21.sprinklr.com/guided-workflows/69c280420b763158feed3d93?gwId=69d8b2349783db5cbaa5a129&amp;viewType=FULL_PAGE,forms-prod21.sprinklr.com,third-party external
./pages/support/user-manuals-and-guide/index.php,4031,a,href,https://forms-prod21.sprinklr.com/guided-workflows/69c280420b763158feed3d93?gwId=69d8b2349783db5cbaa5a129&amp;viewType=FULL_PAGE,forms-prod21.sprinklr.com,third-party external
./pages/support/warranty/index.php,2264,a,href,https://forms-prod21.sprinklr.com/guided-workflows/69c280420b763158feed3d93?gwId=69d8b2349783db5cbaa5a129&amp;viewType=FULL_PAGE,forms-prod21.sprinklr.com,third-party external
./pages/support/warranty/index.php,4688,a,href,https://forms-prod21.sprinklr.com/guided-workflows/69c280420b763158feed3d93?gwId=69d8b2349783db5cbaa5a129&amp;viewType=FULL_PAGE,forms-prod21.sprinklr.com,third-party external
./pages/sustainability/accessibility/overview/index.php,2312,a,href,https://forms-prod21.sprinklr.com/guided-workflows/69c280420b763158feed3d93?gwId=69d8b2349783db5cbaa5a129&amp;viewType=FULL_PAGE,forms-prod21.sprinklr.com,third-party external
./pages/sustainability/accessibility/overview/index.php,4643,a,href,https://forms-prod21.sprinklr.com/guided-workflows/69c280420b763158feed3d93?gwId=69d8b2349783db5cbaa5a129&amp;viewType=FULL_PAGE,forms-prod21.sprinklr.com,third-party external
./pages/sustainability/environment/index.php,2318,a,href,https://forms-prod21.sprinklr.com/guided-workflows/69c280420b763158feed3d93?gwId=69d8b2349783db5cbaa5a129&amp;viewType=FULL_PAGE,forms-prod21.sprinklr.com,third-party external
./pages/sustainability/environment/index.php,8620,a,href,https://forms-prod21.sprinklr.com/guided-workflows/69c280420b763158feed3d93?gwId=69d8b2349783db5cbaa5a129&amp;viewType=FULL_PAGE,forms-prod21.sprinklr.com,third-party external
./pages/sustainability/inclusive-workplace/index.php,2310,a,href,https://forms-prod21.sprinklr.com/guided-workflows/69c280420b763158feed3d93?gwId=69d8b2349783db5cbaa5a129&amp;viewType=FULL_PAGE,forms-prod21.sprinklr.com,third-party external
./pages/sustainability/inclusive-workplace/index.php,5525,a,href,https://forms-prod21.sprinklr.com/guided-workflows/69c280420b763158feed3d93?gwId=69d8b2349783db5cbaa5a129&amp;viewType=FULL_PAGE,forms-prod21.sprinklr.com,third-party external
./pages/sustainability/security-and-privacy/index.php,2308,a,href,https://forms-prod21.sprinklr.com/guided-workflows/69c280420b763158feed3d93?gwId=69d8b2349783db5cbaa5a129&amp;viewType=FULL_PAGE,forms-prod21.sprinklr.com,third-party external
./pages/sustainability/security-and-privacy/index.php,4461,a,href,https://forms-prod21.sprinklr.com/guided-workflows/69c280420b763158feed3d93?gwId=69d8b2349783db5cbaa5a129&amp;viewType=FULL_PAGE,forms-prod21.sprinklr.com,third-party external
./pages/tablets/all-tablets/index.php,2281,a,href,https://forms-prod21.sprinklr.com/guided-workflows/69c280420b763158feed3d93?gwId=69d8b2349783db5cbaa5a129&amp;viewType=FULL_PAGE,forms-prod21.sprinklr.com,third-party external
./pages/tablets/all-tablets/index.php,5467,a,href,https://forms-prod21.sprinklr.com/guided-workflows/69c280420b763158feed3d93?gwId=69d8b2349783db5cbaa5a129&amp;viewType=FULL_PAGE,forms-prod21.sprinklr.com,third-party external
./pages/tablets/galaxy-tab-s/galaxy-tab-s9-fe-5g-gray-128gb-sm-x516bzaamea/index.php,2375,a,href,https://forms-prod21.sprinklr.com/guided-workflows/69c280420b763158feed3d93?gwId=69d8b2349783db5cbaa5a129&amp;viewType=FULL_PAGE,forms-prod21.sprinklr.com,third-party external
./pages/tablets/galaxy-tab-s/galaxy-tab-s9-fe-5g-gray-128gb-sm-x516bzaamea/index.php,8388,a,href,https://forms-prod21.sprinklr.com/guided-workflows/69c280420b763158feed3d93?gwId=69d8b2349783db5cbaa5a129&amp;viewType=FULL_PAGE,forms-prod21.sprinklr.com,third-party external
./pages/tv-accessories/all-tv-accessories/index.php,2294,a,href,https://forms-prod21.sprinklr.com/guided-workflows/69c280420b763158feed3d93?gwId=69d8b2349783db5cbaa5a129&amp;viewType=FULL_PAGE,forms-prod21.sprinklr.com,third-party external
./pages/tv-accessories/all-tv-accessories/index.php,5085,a,href,https://forms-prod21.sprinklr.com/guided-workflows/69c280420b763158feed3d93?gwId=69d8b2349783db5cbaa5a129&amp;viewType=FULL_PAGE,forms-prod21.sprinklr.com,third-party external
./pages/tvs/all-tvs/index.php,2290,a,href,https://forms-prod21.sprinklr.com/guided-workflows/69c280420b763158feed3d93?gwId=69d8b2349783db5cbaa5a129&amp;viewType=FULL_PAGE,forms-prod21.sprinklr.com,third-party external
./pages/tvs/all-tvs/index.php,7605,a,href,https://forms-prod21.sprinklr.com/guided-workflows/69c280420b763158feed3d93?gwId=69d8b2349783db5cbaa5a129&amp;viewType=FULL_PAGE,forms-prod21.sprinklr.com,third-party external
./pages/tvs/help-me-choose/index.php,2290,a,href,https://forms-prod21.sprinklr.com/guided-workflows/69c280420b763158feed3d93?gwId=69d8b2349783db5cbaa5a129&amp;viewType=FULL_PAGE,forms-prod21.sprinklr.com,third-party external
./pages/tvs/help-me-choose/index.php,9337,a,href,https://forms-prod21.sprinklr.com/guided-workflows/69c280420b763158feed3d93?gwId=69d8b2349783db5cbaa5a129&amp;viewType=FULL_PAGE,forms-prod21.sprinklr.com,third-party external
./pages/tvs/neo-qled-tvs/index.php,2292,a,href,https://forms-prod21.sprinklr.com/guided-workflows/69c280420b763158feed3d93?gwId=69d8b2349783db5cbaa5a129&amp;viewType=FULL_PAGE,forms-prod21.sprinklr.com,third-party external
./pages/tvs/neo-qled-tvs/index.php,7067,a,href,https://forms-prod21.sprinklr.com/guided-workflows/69c280420b763158feed3d93?gwId=69d8b2349783db5cbaa5a129&amp;viewType=FULL_PAGE,forms-prod21.sprinklr.com,third-party external
./pages/tvs/oled-tv/highlights/index.php,2319,a,href,https://forms-prod21.sprinklr.com/guided-workflows/69c280420b763158feed3d93?gwId=69d8b2349783db5cbaa5a129&amp;viewType=FULL_PAGE,forms-prod21.sprinklr.com,third-party external
./pages/tvs/oled-tv/highlights/index.php,9897,a,href,https://forms-prod21.sprinklr.com/guided-workflows/69c280420b763158feed3d93?gwId=69d8b2349783db5cbaa5a129&amp;viewType=FULL_PAGE,forms-prod21.sprinklr.com,third-party external
./pages/tvs/oled-tv/index.php,2292,a,href,https://forms-prod21.sprinklr.com/guided-workflows/69c280420b763158feed3d93?gwId=69d8b2349783db5cbaa5a129&amp;viewType=FULL_PAGE,forms-prod21.sprinklr.com,third-party external
./pages/tvs/oled-tv/index.php,6162,a,href,https://forms-prod21.sprinklr.com/guided-workflows/69c280420b763158feed3d93?gwId=69d8b2349783db5cbaa5a129&amp;viewType=FULL_PAGE,forms-prod21.sprinklr.com,third-party external
./pages/tvs/qled-tv/index.php,2296,a,href,https://forms-prod21.sprinklr.com/guided-workflows/69c280420b763158feed3d93?gwId=69d8b2349783db5cbaa5a129&amp;viewType=FULL_PAGE,forms-prod21.sprinklr.com,third-party external
./pages/tvs/qled-tv/index.php,7448,a,href,https://forms-prod21.sprinklr.com/guided-workflows/69c280420b763158feed3d93?gwId=69d8b2349783db5cbaa5a129&amp;viewType=FULL_PAGE,forms-prod21.sprinklr.com,third-party external
./pages/tvs/qled-tv/q7f-55-inch-qled-4k-smart-tv-qa55q7faausmm/index.php,2416,a,href,https://forms-prod21.sprinklr.com/guided-workflows/69c280420b763158feed3d93?gwId=69d8b2349783db5cbaa5a129&amp;viewType=FULL_PAGE,forms-prod21.sprinklr.com,third-party external
./pages/tvs/qled-tv/q7f-55-inch-qled-4k-smart-tv-qa55q7faausmm/index.php,15128,a,href,https://forms-prod21.sprinklr.com/guided-workflows/69c280420b763158feed3d93?gwId=69d8b2349783db5cbaa5a129&amp;viewType=FULL_PAGE,forms-prod21.sprinklr.com,third-party external
./pages/tvs/uhd-4k-tv/du7000-65-inch-crystal-uhd-4k-tizen-os-smart-tv-ua65du7000uswk/index.php,2416,a,href,https://forms-prod21.sprinklr.com/guided-workflows/69c280420b763158feed3d93?gwId=69d8b2349783db5cbaa5a129&amp;viewType=FULL_PAGE,forms-prod21.sprinklr.com,third-party external
./pages/tvs/uhd-4k-tv/du7000-65-inch-crystal-uhd-4k-tizen-os-smart-tv-ua65du7000uswk/index.php,12387,a,href,https://forms-prod21.sprinklr.com/guided-workflows/69c280420b763158feed3d93?gwId=69d8b2349783db5cbaa5a129&amp;viewType=FULL_PAGE,forms-prod21.sprinklr.com,third-party external
./pages/tvs/vision-ai-tv/index.php,2309,a,href,https://forms-prod21.sprinklr.com/guided-workflows/69c280420b763158feed3d93?gwId=69d8b2349783db5cbaa5a129&amp;viewType=FULL_PAGE,forms-prod21.sprinklr.com,third-party external
./pages/tvs/vision-ai-tv/index.php,4782,a,href,https://forms-prod21.sprinklr.com/guided-workflows/69c280420b763158feed3d93?gwId=69d8b2349783db5cbaa5a129&amp;viewType=FULL_PAGE,forms-prod21.sprinklr.com,third-party external
./pages/washers-and-dryers/all-washers-and-dryers/index.php,2290,a,href,https://forms-prod21.sprinklr.com/guided-workflows/69c280420b763158feed3d93?gwId=69d8b2349783db5cbaa5a129&amp;viewType=FULL_PAGE,forms-prod21.sprinklr.com,third-party external
./pages/washers-and-dryers/all-washers-and-dryers/index.php,7606,a,href,https://forms-prod21.sprinklr.com/guided-workflows/69c280420b763158feed3d93?gwId=69d8b2349783db5cbaa5a129&amp;viewType=FULL_PAGE,forms-prod21.sprinklr.com,third-party external
./pages/washers-and-dryers/washing-machines/wa5000c-top-load-ecobubble-digital-inverter-technology-super-speed-15kg-dark-gray-wa15ck5745bdrt/index.php,2416,a,href,https://forms-prod21.sprinklr.com/guided-workflows/69c280420b763158feed3d93?gwId=69d8b2349783db5cbaa5a129&amp;viewType=FULL_PAGE,forms-prod21.sprinklr.com,third-party external
./pages/washers-and-dryers/washing-machines/wa5000c-top-load-ecobubble-digital-inverter-technology-super-speed-15kg-dark-gray-wa15ck5745bdrt/index.php,9549,a,href,https://forms-prod21.sprinklr.com/guided-workflows/69c280420b763158feed3d93?gwId=69d8b2349783db5cbaa5a129&amp;viewType=FULL_PAGE,forms-prod21.sprinklr.com,third-party external
./pages/washers-and-dryers/washing-machines/ww5000d-front-loading-smartthings-ai-energy-mode-a-10-percent-extra-energy-efficiency-ai-ecobubble-9kg-black-ww90dg5u34abfa/index.php,2416,a,href,https://forms-prod21.sprinklr.com/guided-workflows/69c280420b763158feed3d93?gwId=69d8b2349783db5cbaa5a129&amp;viewType=FULL_PAGE,forms-prod21.sprinklr.com,third-party external
./pages/washers-and-dryers/washing-machines/ww5000d-front-loading-smartthings-ai-energy-mode-a-10-percent-extra-energy-efficiency-ai-ecobubble-9kg-black-ww90dg5u34abfa/index.php,10825,a,href,https://forms-prod21.sprinklr.com/guided-workflows/69c280420b763158feed3d93?gwId=69d8b2349783db5cbaa5a129&amp;viewType=FULL_PAGE,forms-prod21.sprinklr.com,third-party external
./pages/watches/all-watches/index.php,2282,a,href,https://forms-prod21.sprinklr.com/guided-workflows/69c280420b763158feed3d93?gwId=69d8b2349783db5cbaa5a129&amp;viewType=FULL_PAGE,forms-prod21.sprinklr.com,third-party external
./pages/watches/all-watches/index.php,6027,a,href,https://forms-prod21.sprinklr.com/guided-workflows/69c280420b763158feed3d93?gwId=69d8b2349783db5cbaa5a129&amp;viewType=FULL_PAGE,forms-prod21.sprinklr.com,third-party external
./pages/watches/galaxy-watch/galaxy-watch8-44mm-silver-bluetooth-sm-l330nzsamea/index.php,2375,a,href,https://forms-prod21.sprinklr.com/guided-workflows/69c280420b763158feed3d93?gwId=69d8b2349783db5cbaa5a129&amp;viewType=FULL_PAGE,forms-prod21.sprinklr.com,third-party external
./pages/watches/galaxy-watch/galaxy-watch8-44mm-silver-bluetooth-sm-l330nzsamea/index.php,12850,a,href,https://forms-prod21.sprinklr.com/guided-workflows/69c280420b763158feed3d93?gwId=69d8b2349783db5cbaa5a129&amp;viewType=FULL_PAGE,forms-prod21.sprinklr.com,third-party external
./previous-index.php,7490,a,href,https://forms-prod21.sprinklr.com/guided-workflows/69c280420b763158feed3d93?gwId=69d8b2349783db5cbaa5a129&amp;viewType=FULL_PAGE,forms-prod21.sprinklr.com,third-party external
./previous-index.php,11843,a,href,https://forms-prod21.sprinklr.com/guided-workflows/69c280420b763158feed3d93?gwId=69d8b2349783db5cbaa5a129&amp;viewType=FULL_PAGE,forms-prod21.sprinklr.com,third-party external
./pages/sustainability/environment/index.php,7120,a,href,https://fundacion-ecotic.es/servicios-consumidores/,fundacion-ecotic.es,third-party external
./pages/sustainability/environment/index.php,4472,a,href,https://greeneletron.org.br/localizador,greeneletron.org.br,third-party external
./pages/info/privacy/index.php,3641,a,href,http://helpx.adobe.com/flash-player/kb/disable-local-shared-objects-flash.html,helpx.adobe.com,third-party external
./pages/sustainability/environment/index.php,6726,a,href,https://inleverpunten.stichting-open.org/,inleverpunten.stichting-open.org,third-party external
./pages/innovation-campus/index.php,3441,a,href,https://innovationcampus.thinkific.com/users/sign_in,innovationcampus.thinkific.com,third-party external
./pages/innovation-campus/index.php,3478,a,href,https://innovationcampus.thinkific.com/users/sign_in,innovationcampus.thinkific.com,third-party external
./global/ir/index.html,5743,a,href,https://irsvc.teletogether.com/sec/2026Q1/eng/eng.php,irsvc.teletogether.com,third-party external
./global/ir/index.html,5790,a,href,https://irsvc.teletogether.com/sec/2026Q1/eng/eng.php,irsvc.teletogether.com,third-party external
./global/ir/index.html,6199,a,href,https://irsvc.teletogether.com/sec/2026Q1/eng/eng.php,irsvc.teletogether.com,third-party external
./global/ir/index.html,6304,a,href,https://irsvc.teletogether.com/sec/2026Q1/eng/eng.php,irsvc.teletogether.com,third-party external
./pages/sign-language/index.php,3377,a,href,https://live-chat-static.sprinklr.com/chat/page/Cc43fTwcE/index.html?appId=617266730a48c360bfe98cf9_app_1045690,live-chat-static.sprinklr.com,third-party external
./pages/sign-language/index.php,3512,a,href,https://live-chat-static.sprinklr.com/chat/page/Cc43fTwcE/index.html?appId=617266730a48c360bfe98cf9_app_1045690,live-chat-static.sprinklr.com,third-party external
./pages/support/service-center/index.php,3860,a,href,"https://maps.google.com/maps?ll=31.512612,74.272738&amp;z=16&amp;t=m&amp;hl=en-US&amp;gl=KR&amp;mapclient=apiv3",maps.google.com,third-party external
./pages/sustainability/environment/index.php,6300,a,href,https://mohu.hu/hu,mohu.hu,third-party external
./pages/sustainability/environment/index.php,6774,a,href,https://norsirk.no/weeerepnorway/,norsirk.no,third-party external
./pages/business/index.php,1526,a,href,https://nsrm.secbuy.com/spDxLoginEn.do,nsrm.secbuy.com,third-party external
./pages/business/index.php,1542,a,href,https://partner.samsungsemi.com:7777/partner/identity/anonymous/loginPage.do?_frameF=true,partner.samsungsemi.com:7777,third-party external
./pages/support/index.php,4112,a,href,http://publish.samsungsimulator.com/simulator/c5551f55-670c-43f2-bfe6-6248fe3414d6/#!top5/basic_operation/how_to_install_the_sim_card,publish.samsungsimulator.com,third-party external
./pages/sustainability/environment/index.php,4819,a,href,http://recolecc.com.pe/puntos-de-acopio/,recolecc.com.pe,third-party external
./pages/sustainability/environment/index.php,5560,a,href,https://recycle2.moenv.gov.tw/EN/index.html,recycle2.moenv.gov.tw,third-party external
./pages/sustainability/environment/index.php,6962,a,href,https://redpointrecycling.ro/puncte_de_colectare,redpointrecycling.ro,third-party external
./pages/sustainability/environment/index.php,4551,a,href,https://rev-log.com/co/productos/revo/,rev-log.com,third-party external
./pages/sustainability/environment/index.php,6191,a,href,https://rev-log.com/us/,rev-log.com,third-party external
./pages/shop-faq/index.php,3649,a,href,https://samsung-livechat.sprinklr.com/website/pk/en/samsung-livechat.html,samsung-livechat.sprinklr.com,third-party external
./pages/support/contact/index.php,3277,a,href,http://samsung-livechat.sprinklr.com/website/pk/en/samsung-livechat.html,samsung-livechat.sprinklr.com,third-party external
./pages/support/repair-price/index.php,9467,a,href,https://samsung-livechat.sprinklr.com/website/ae/en/samsung-livechat.html,samsung-livechat.sprinklr.com,third-party external
./pages/sustainability/environment/index.php,6112,a,href,https://serty.fi/,serty.fi,third-party external
./pages/smartphones/galaxy-s26/index.php,49266,a,href,http://trygalaxy.com,trygalaxy.com,third-party external
./pages/sustainability/environment/index.php,5134,a,href,https://weee.gov.hk/en/i-am-a-consumer/introduction/,weee.gov.hk,third-party external
./pages/sustainability/environment/index.php,4284,a,href,https://www.albertarecycling.ca/,www.albertarecycling.ca,third-party external
./pages/info/privacy/index.php,3606,a,href,http://www.allaboutcookies.org/,www.allaboutcookies.org,third-party external
./pages/sustainability/environment/index.php,5985,a,href,https://www.asekol.cz/en,www.asekol.cz,third-party external
./pages/sustainability/environment/index.php,6143,a,href,https://www.ecosystem.eco/fr/recherche-point-de-collecte,www.ecosystem.eco,third-party external
./pages/sustainability/environment/index.php,6568,a,href,https://www.ecotrel.lu/,www.ecotrel.lu,third-party external
./pages/sustainability/environment/index.php,7151,a,href,https://www.el-kretsen.se/,www.el-kretsen.se,third-party external
./pages/sustainability/environment/index.php,6222,a,href,https://www.electrocycle.gr/en/recycling-points/,www.electrocycle.gr,third-party external
./pages/sustainability/environment/index.php,6537,a,href,https://www.epa.lt/en/,www.epa.lt,third-party external
./pages/sustainability/environment/index.php,5748,a,href,https://www.era-gmbh.at/en/information,www.era-gmbh.at,third-party external
./pages/sustainability/environment/index.php,7199,a,href,https://www.erecycling.ch/en/entsorgungspartner/sammelstellen.html,www.erecycling.ch,third-party external
./pages/info/privacy/index.php,3544,a,href,https://www.google.com/policies/privacy/partners/,www.google.com,third-party external
./pages/support/service-center/index.php,3860,a,href,https://www.google.com/intl/en-US_KR/help/terms_maps.html,www.google.com,third-party external
./pages/support/service-center/index.php,3860,a,href,"https://www.google.com/maps/@31.5126117,74.2727378,16z/data=!10m1!1e1!12b1?source=apiv3&amp;rapsrc=apiv3",www.google.com,third-party external
./pages/sustainability/environment/index.php,6647,a,href,https://www.greenpak.com.mt,www.greenpak.com.mt,third-party external
./pages/smartphones/galaxy-a/galaxy-a57-5g/buy/index.php,5466,a,href,http://www.kaitorasap.com/samsungtradein-online/,www.kaitorasap.com,third-party external
./pages/smartphones/galaxy-a56-5g/buy/index.php,5620,a,href,http://www.kaitorasap.com/samsungtradein-online/,www.kaitorasap.com,third-party external
./pages/smartphones/galaxy-s25/buy/index.php,6029,a,href,http://www.kaitorasap.com/samsungtradein-online/,www.kaitorasap.com,third-party external
./pages/sustainability/environment/index.php,5450,a,href,https://www.nea.gov.sg/our-services/waste-management/3r-programmes-and-resources/e-waste-management/extended-producer-responsibility-(epr)-system-for-e-waste-management-system,www.nea.gov.sg,third-party external
./pages/sustainability/environment/index.php,6191,a,href,https://www.noex.ag/,www.noex.ag,third-party external
./pages/sustainability/environment/index.php,6914,a,href,http://www.ondereciclar.pt/,www.ondereciclar.pt,third-party external
./pages/sustainability/environment/index.php,5796,a,href,https://www.recupel.be/en/find-a-collection-point/?categories=1,www.recupel.be,third-party external
./pages/sustainability/environment/index.php,7120,a,href,https://www.recyclia.es/,www.recyclia.es,third-party external
./pages/sustainability/environment/index.php,5244,a,href,https://www.rkc.aeha.or.jp/info/overview.html,www.rkc.aeha.or.jp,third-party external
./global/ir/index.html,5856,a,href,https://www.samsungagm.com/index?lang=en,www.samsungagm.com,third-party external
./pages/business/index.php,5819,a,href,https://www.samsunghealthcare.com/en,www.samsunghealthcare.com,third-party external
./pages/about-us/ethics/index.php,3577,a,href,http://www.sec-audit.com/common/portal/sdpMain.do,www.sec-audit.com,third-party external
./pages/sustainability/environment/index.php,7041,a,href,https://www.sewa.sk/en,www.sewa.sk,third-party external
./pages/smartthings/index.php,3253,a,href,https://www.smartthings.com/applink?action=app-launching,www.smartthings.com,third-party external
./pages/smartthings/index.php,6418,a,href,https://www.smartthings.com/applink?action=add_device,www.smartthings.com,third-party external
./pages/sustainability/environment/index.php,7199,a,href,https://www.swico.ch/en/recycling/recycling-and-disposal/pick-form-collection-points/,www.swico.ch,third-party external
./pages/sustainability/environment/index.php,6331,a,href,https://www.urvinnslusjodur.is/,www.urvinnslusjodur.is,third-party external
./pages/sustainability/environment/index.php,6489,a,href,https://www.zalajosta.lv/en/waste-sorting/where-to-deliver-the-sorted-waste/,www.zalajosta.lv,third-party external
./pages/sustainability/environment/index.php,7072,a,href,https://www.zeos.si/en/waste-management/waste-electrical-and-electronic-equipment.html,www.zeos.si,third-party external
./pages/sustainability/environment/index.php,5827,a,href,https://zeos.ba,zeos.ba,third-party external
